Freq [GHz],"dB(S(1,1))","dB(S(2,2))","dB(S(3,3))","dB(S(4,4))"
1,-3.85620465,-3.537910528,-3.0637868,-3.698415759
1.01,-3.891439004,-3.570637127,-3.092276376,-3.731030272
1.02,-3.926705241,-3.603362394,-3.120824647,-3.763691538
1.03,-3.961997193,-3.636085516,-3.149430873,-3.796395393
1.04,-3.997308823,-3.668805716,-3.178094383,-3.829137774
1.05,-4.032634239,-3.701522256,-3.206814584,-3.861914714
1.06,-4.067967686,-3.734234431,-3.235590963,-3.894722348
1.07,-4.103303556,-3.766941572,-3.264423087,-3.927556913
1.08,-4.138636385,-3.799643043,-3.293310612,-3.960414749
1.09,-4.173960861,-3.832338242,-3.322253285,-3.9932923
1.1,-4.209271818,-3.865026596,-3.351250943,-4.026186116
1.11,-4.244564245,-3.897707565,-3.380303523,-4.059092856
1.12,-4.279833285,-3.930380639,-3.409411059,-4.092009286
1.13,-4.315074235,-3.963045336,-3.438573691,-4.124932282
1.14,-4.350282551,-3.995701205,-3.467791661,-4.157858832
1.15,-4.385453846,-4.02834782,-3.497065323,-4.190786036
1.16,-4.420583896,-4.060984786,-3.526395141,-4.223711106
1.17,-4.455668635,-4.093611732,-3.555781693,-4.256631374
1.18,-4.490704161,-4.126228313,-3.585225675,-4.289544282
1.19,-4.525686736,-4.158834213,-3.614727903,-4.322447393
1.2,-4.560612786,-4.191429137,-3.644289313,-4.355338389
1.21,-4.595478903,-4.224012817,-3.673910971,-4.388215071
1.22,-4.630281846,-4.25658501,-3.703594064,-4.421075359
1.23,-4.66501854,-4.289145494,-3.733339915,-4.453917299
1.24,-4.69968608,-4.321694072,-3.763149976,-4.486739059
1.25,-4.73428173,-4.354230571,-3.793025834,-4.519538929
1.26,-4.768802922,-4.386754837,-3.822969216,-4.55231533
1.27,-4.803247261,-4.419266743,-3.852981985,-4.585066806
1.28,-4.837612521,-4.451766178,-3.883066149,-4.617792031
1.29,-4.87189665,-4.484253058,-3.913223859,-4.650489808
1.3,-4.906097767,-4.516727317,-3.943457413,-4.683159069
1.31,-4.940214165,-4.549188911,-3.973769256,-4.715798881
1.32,-4.974244309,-4.581637815,-4.004161988,-4.748408441
1.33,-5.008186841,-4.614074026,-4.034638358,-4.780987081
1.34,-5.042040575,-4.646497561,-4.065201273,-4.813534268
1.35,-5.075804504,-4.678908456,-4.095853797,-4.846049607
1.36,-5.109477792,-4.711306768,-4.126599154,-4.878532838
1.37,-5.143059785,-4.743692571,-4.15744073,-4.91098384
1.38,-5.176550002,-4.776065961,-4.188382075,-4.943402633
1.39,-5.209948142,-4.808427052,-4.219426903,-4.975789377
1.4,-5.24325408,-4.840775977,-4.2505791,-5.008144374
1.41,-5.276467872,-4.873112887,-4.281842719,-5.040468068
1.42,-5.309589754,-4.905437953,-4.313221987,-5.072761049
1.43,-5.342620138,-4.937751364,-4.344721303,-5.105024052
1.44,-5.375559621,-4.970053327,-4.376345246,-5.137257955
1.45,-5.408408978,-5.002344069,-4.408098568,-5.169463788
1.46,-5.441169169,-5.034623835,-4.439986206,-5.201642725
1.47,-5.473841333,-5.066892885,-4.472013275,-5.233796093
1.48,-5.506426796,-5.099151503,-4.504185077,-5.265925366
1.49,-5.538927064,-5.131399987,-4.536507096,-5.298032171
1.5,-5.57134383,-5.163638654,-4.568985007,-5.330118287
1.51,-5.603678972,-5.19586784,-4.601624672,-5.362185645
1.52,-5.635934552,-5.2280879,-4.634432144,-5.394236332
1.53,-5.668112822,-5.260299204,-4.667413669,-5.426272588
1.54,-5.700216219,-5.292502145,-4.700575688,-5.458296809
1.55,-5.732247369,-5.32469713,-4.733924835,-5.490311548
1.56,-5.764209086,-5.356884588,-4.767467943,-5.522319513
1.57,-5.796104376,-5.389064962,-4.801212046,-5.554323573
1.58,-5.827936433,-5.421238718,-4.835164374,-5.586326754
1.59,-5.859708644,-5.453406339,-4.869332362,-5.61833224
1.6,-5.891424587,-5.485568325,-4.903723646,-5.650343376
1.61,-5.923088034,-5.517725196,-4.938346067,-5.682363668
1.62,-5.954702949,-5.549877492,-4.973207672,-5.714396779
1.63,-5.986273493,-5.58202577,-5.008316712,-5.746446537
1.64,-6.017804019,-5.614170607,-5.043681648,-5.77851693
1.65,-6.049299079,-5.6463126,-5.079311149,-5.810612106
1.66,-6.080763421,-5.678452362,-5.115214094,-5.842736378
1.67,-6.112201988,-5.71059053,-5.15139957,-5.874894217
1.68,-6.143619924,-5.742727756,-5.187876877,-5.907090258
1.69,-6.175022571,-5.774864715,-5.224655525,-5.9393293
1.7,-6.206415471,-5.8070021,-5.261745238,-5.9716163
1.71,-6.237804364,-5.839140623,-5.29915595,-6.003956378
1.72,-6.269195193,-5.871281019,-5.336897811,-6.036354815
1.73,-6.300594101,-5.903424039,-5.374981181,-6.068817055
1.74,-6.332007433,-5.935570457,-5.413416634,-6.1013487
1.75,-6.363441735,-5.967721066,-5.452214958,-6.133955511
1.76,-6.394903757,-5.99987668,-5.491387154,-6.166643411
1.77,-6.42640045,-6.032038131,-5.530944434,-6.199418478
1.78,-6.457938969,-6.064206274,-5.570898225,-6.23228695
1.79,-6.489526672,-6.096381983,-5.611260164,-6.26525522
1.8,-6.521171117,-6.128566152,-5.6520421,-6.298329835
1.81,-6.552880069,-6.160759695,-5.693256093,-6.331517496
1.82,-6.584661493,-6.192963549,-5.734914412,-6.364825058
1.83,-6.616523557,-6.225178667,-5.777029536,-6.398259524
1.84,-6.64847463,-6.257406024,-5.81961415,-6.431828046
1.85,-6.680523283,-6.289646616,-5.862681147,-6.465537925
1.86,-6.712678287,-6.321901456,-5.906243624,-6.499396604
1.87,-6.744948614,-6.354171578,-5.950314884,-6.53341167
1.88,-6.777343433,-6.386458035,-5.994908429,-6.56759085
1.89,-6.809872112,-6.418761898,-6.040037964,-6.601942008
1.9,-6.842544214,-6.451084258,-6.085717391,-6.636473142
1.91,-6.875369496,-6.483426222,-6.131960809,-6.671192384
1.92,-6.908357911,-6.515788915,-6.178782512,-6.706107991
1.93,-6.941519599,-6.54817348,-6.226196987,-6.741228349
1.94,-6.974864893,-6.580581074,-6.27421891,-6.776561962
1.95,-7.008404309,-6.613012872,-6.322863147,-6.812117455
1.96,-7.042148549,-6.645470061,-6.372144747,-6.847903565
1.97,-7.076108496,-6.677953843,-6.422078945,-6.883929139
1.98,-7.110295211,-6.710465434,-6.472681156,-6.920203129
1.99,-7.144719931,-6.74300606,-6.523966972,-6.956734587
2,-7.179394063,-6.775576956,-6.575952162,-6.993532661
2.01,-7.214329184,-6.80817937,-6.628652669,-7.03060659
2.02,-7.249537033,-6.840814553,-6.682084606,-7.067965696
2.03,-7.285029508,-6.873483767,-6.736264253,-7.10561938
2.04,-7.320818665,-6.906188274,-6.791208058,-7.143577118
2.05,-7.356916707,-6.938929341,-6.846932631,-7.181848451
2.06,-7.393335983,-6.971708235,-6.903454744,-7.220442978
2.07,-7.430088984,-7.004526221,-6.960791328,-7.259370356
2.08,-7.467188331,-7.037384562,-7.01895947,-7.298640282
2.09,-7.504646776,-7.070284513,-7.077976414,-7.338262495
2.1,-7.542477192,-7.10322732,-7.137859554,-7.378246763
2.11,-7.580692567,-7.136214218,-7.19862644,-7.418602876
2.12,-7.619305996,-7.169246429,-7.26029477,-7.459340638
2.13,-7.658330679,-7.202325156,-7.322882392,-7.500469858
2.14,-7.697779905,-7.23545158,-7.386407304,-7.542000338
2.15,-7.737667053,-7.26862686,-7.450887652,-7.583941871
2.16,-7.778005579,-7.301852125,-7.516341731,-7.626304221
2.17,-7.818809008,-7.335128476,-7.582787986,-7.669097123
2.18,-7.860090927,-7.368456974,-7.650245011,-7.712330265
2.19,-7.901864975,-7.401838642,-7.718731553,-7.756013281
2.2,-7.944144836,-7.43527446,-7.788266513,-7.800155741
2.21,-7.986944227,-7.468765358,-7.858868948,-7.844767139
2.22,-8.030276891,-7.502312214,-7.930558074,-7.889856879
2.23,-8.074156584,-7.535915847,-8.003353272,-7.935434269
2.24,-8.11859707,-7.569577015,-8.07727409,-7.981508506
2.25,-8.163612106,-7.603296406,-8.152340249,-8.028088666
2.26,-8.209215434,-7.637074637,-8.228571652,-8.075183692
2.27,-8.255420773,-7.670912247,-8.305988387,-8.122802386
2.28,-8.302241803,-7.704809691,-8.384610738,-8.170953392
2.29,-8.349692158,-7.738767337,-8.464459191,-8.21964519
2.3,-8.397785415,-7.77278546,-8.545554448,-8.268886085
2.31,-8.446535083,-7.806864234,-8.627917436,-8.318684196
2.32,-8.495954593,-7.841003731,-8.711569316,-8.369047446
2.33,-8.546057282,-7.875203916,-8.796531504,-8.419983555
2.34,-8.59685639,-7.909464638,-8.882825679,-8.471500031
2.35,-8.648365045,-7.943785629,-8.970473801,-8.523604164
2.36,-8.70059625,-7.978166499,-9.05949813,-8.576303017
2.37,-8.753562876,-8.012606733,-9.149921244,-8.629603421
2.38,-8.807277651,-8.047105684,-9.241766058,-8.683511976
2.39,-8.861753147,-8.081662572,-9.335055849,-8.738035039
2.4,-8.917001771,-8.116276483,-9.429814277,-8.79317873
2.41,-8.973035756,-8.150946362,-9.52606541,-8.84894893
2.42,-9.029867149,-8.185671017,-9.623833756,-8.905351279
2.43,-9.087507802,-8.220449112,-9.723144287,-8.96239118
2.44,-9.145969361,-8.255279172,-9.82402247,-9.020073805
2.45,-9.20526326,-8.29015958,-9.926494306,-9.078404098
2.46,-9.265400707,-8.325088579,-10.03058636,-9.137386785
2.47,-9.326392681,-8.360064275,-10.1363258,-9.197026381
2.48,-9.388249916,-8.39508464,-10.24374043,-9.257327199
2.49,-9.450982901,-8.430147514,-10.35285876,-9.318293364
2.5,-9.514601865,-8.465250613,-10.46371001,-9.379928826
2.51,-9.579116773,-8.500391533,-10.57632418,-9.442237375
2.52,-9.644537319,-8.535567756,-10.69073211,-9.505222657
2.53,-9.710872915,-8.570776662,-10.80696552,-9.568888187
2.54,-9.778132688,-8.606015536,-10.92505704,-9.633237376
2.55,-9.846325475,-8.641281577,-11.04504034,-9.698273542
2.56,-9.915459809,-8.676571912,-11.16695013,-9.763999935
2.57,-9.985543922,-8.711883609,-11.29082223,-9.830419756
2.58,-10.05658573,-8.747213686,-11.41669367,-9.897536181
2.59,-10.12859285,-8.782559132,-11.54460276,-9.965352379
2.6,-10.20157255,-8.817916919,-11.67458913,-10.03387154
2.61,-10.27553179,-8.853284017,-11.80669385,-10.10309689
2.62,-10.35047719,-8.888657416,-11.9409595,-10.17303172
2.63,-10.42641503,-8.924034138,-12.07743026,-10.24367941
2.64,-10.50335127,-8.959411262,-12.216152,-10.31504345
2.65,-10.58129148,-8.994785937,-12.35717238,-10.38712745
2.66,-10.66024092,-9.030155405,-12.50054097,-10.45993518
2.67,-10.74020446,-9.06551702,-12.64630932,-10.53347059
2.68,-10.82118661,-9.100868268,-12.79453111,-10.60773782
2.69,-10.90319152,-9.136206784,-12.94526225,-10.68274123
2.7,-10.98622293,-9.171530376,-13.09856101,-10.75848542
2.71,-11.07028424,-9.206837041,-13.25448813,-10.83497523
2.72,-11.1553784,-9.242124986,-13.41310698,-10.91221581
2.73,-11.24150798,-9.277392641,-13.57448368,-10.99021257
2.74,-11.32867514,-9.312638686,-13.73868724,-11.06897127
2.75,-11.41688158,-9.347862056,-13.90578972,-11.14849797
2.76,-11.50612857,-9.383061967,-14.07586635,-11.22879911
2.77,-11.59641693,-9.418237924,-14.24899574,-11.30988148
2.78,-11.68774699,-9.453389734,-14.42525997,-11.39175227
2.79,-11.78011857,-9.488517523,-14.60474478,-11.47441906
2.8,-11.87353098,-9.523621744,-14.78753973,-11.55788986
2.81,-11.967983,-9.558703181,-14.97373834,-11.64217312
2.82,-12.06347281,-9.593762968,-15.16343822,-11.72727774
2.83,-12.15999799,-9.628802583,-15.35674124,-11.81321311
2.84,-12.2575555,-9.663823861,-15.55375363,-11.89998908
2.85,-12.3561416,-9.698828995,-15.75458609,-11.98761604
2.86,-12.45575185,-9.733820537,-15.95935387,-12.07610491
2.87,-12.55638101,-9.768801396,-16.16817679,-12.16546713
2.88,-12.65802305,-9.803774844,-16.38117929,-12.25571473
2.89,-12.76067104,-9.838744506,-16.59849029,-12.34686034
2.9,-12.86431713,-9.873714358,-16.82024313,-12.43891717
2.91,-12.96895243,-9.908688728,-17.04657527,-12.53189908
2.92,-13.07456697,-9.943672282,-17.27762796,-12.62582061
2.93,-13.1811496,-9.978670022,-17.51354572,-12.72069693
2.94,-13.28868791,-10.01368728,-17.75447559,-12.81654395
2.95,-13.3971681,-10.04872969,-18.00056623,-12.91337832
2.96,-13.50657491,-10.08380322,-18.25196655,-13.01121743
2.97,-13.61689144,-10.11891413,-18.50882412,-13.11007946
2.98,-13.72809909,-10.15406895,-18.77128296,-13.20998343
2.99,-13.84017735,-10.18927451,-19.03948078,-13.3109492
3,-13.95310369,-10.2245379,-19.31354542,-13.41299751
3.01,-14.06685337,-10.25986647,-19.59359042,-13.51615005
3.02,-14.18139927,-10.29526782,-19.87970927,-13.62042945
3.03,-14.29671167,-10.33074979,-20.17196837,-13.72585933
3.04,-14.41275807,-10.36632042,-20.47039806,-13.83246437
3.05,-14.52950295,-10.401988,-20.7749815,-13.94027033
3.06,-14.64690753,-10.437761,-21.08564087,-14.04930411
3.07,-14.76492949,-10.47364811,-21.40222027,-14.15959375
3.08,-14.88352274,-10.50965819,-21.72446476,-14.27116857
3.09,-15.0026371,-10.5458003,-22.05199474,-14.38405914
3.1,-15.12221797,-10.58208364,-22.38427509,-14.49829737
3.11,-15.24220605,-10.61851761,-22.72057827,-14.61391659
3.12,-15.36253699,-10.65511176,-23.05994102,-14.73095156
3.13,-15.48314098,-10.69187577,-23.40111464,-14.84943858
3.14,-15.60394247,-10.72881952,-23.74250951,-14.96941556
3.15,-15.7248597,-10.76595298,-24.08213595,-15.09092205
3.16,-15.84580439,-10.80328629,-24.41754519,-15.21399937
3.17,-15.96668126,-10.84082973,-24.7457769,-15.33869065
3.18,-16.08738771,-10.87859372,-25.06332288,-15.46504095
3.19,-16.20781337,-10.9165888,-25.36612036,-15.5930973
3.2,-16.32783973,-10.95482565,-25.64959101,-15.72290888
3.21,-16.44733977,-10.99331509,-25.90874331,-15.85452704
3.22,-16.56617761,-11.03206808,-26.1383527,-15.98800543
3.23,-16.68420817,-11.07109572,-26.33322534,-16.12340016
3.24,-16.80127692,-11.11040922,-26.48853495,-16.26076985
3.25,-16.91721966,-11.15001999,-26.6002019,-16.4001758
3.26,-17.03186232,-11.18993952,-26.66526244,-16.54168213
3.27,-17.14502097,-11.2301795,-26.68216483,-16.6853559
3.28,-17.25650175,-11.27075176,-26.65093361,-16.83126725
3.29,-17.36610109,-11.31166828,-26.57316689,-16.97948961
3.3,-17.47360594,-11.35294122,-26.45186723,-17.13009983
3.31,-17.57879417,-11.39458289,-26.29114224,-17.28317834
3.32,-17.68143522,-11.43660581,-26.09583409,-17.43880941
3.33,-17.78129078,-11.47902265,-25.87114112,-17.59708127
3.34,-17.87811582,-11.5218463,-25.62228285,-17.75808638
3.35,-17.97165972,-11.56508983,-25.35423889,-17.92192161
3.36,-18.06166769,-11.60876655,-25.0715713,-18.08868851
3.37,-18.14788233,-11.65288994,-24.77832457,-18.25849352
3.38,-18.23004549,-11.69747375,-24.47798819,-18.43144824
3.39,-18.3079003,-11.74253193,-24.17350465,-18.60766973
3.4,-18.38119342,-11.78807871,-23.86730636,-18.78728072
3.41,-18.44967742,-11.83412855,-23.56136848,-18.97040996
3.42,-18.51311335,-11.88069619,-23.25726807,-19.15719249
3.43,-18.57127341,-11.92779664,-22.95624312,-19.34776993
3.44,-18.62394363,-11.97544519,-22.65924791,-19.54229081
3.45,-18.67092663,-12.02365746,-22.36700252,-19.74091085
3.46,-18.71204424,-12.07244934,-22.08003593,-19.94379326
3.47,-18.74714007,-12.12183709,-21.79872273,-20.15110901
3.48,-18.77608182,-12.17183726,-21.52331383,-20.36303709
3.49,-18.79876343,-12.22246679,-21.25396188,-20.57976472
3.5,-18.81510684,-12.27374296,-20.99074214,-20.80148751
3.51,-18.82506344,-12.32568343,-20.73366947,-21.02840948
3.52,-18.82861506,-12.37830625,-20.48271201,-21.26074309
3.53,-18.82577461,-12.4316299,-20.23780227,-21.49870901
3.54,-18.81658613,-12.48567324,-19.998846,-21.74253572
3.55,-18.80112454,-12.54045561,-19.76572924,-21.99245887
3.56,-18.77949478,-12.59599676,-19.53832397,-22.24872026
3.57,-18.75183063,-12.65231694,-19.31649254,-22.5115664
3.58,-18.71829312,-12.70943689,-19.10009122,-22.78124639
3.59,-18.67906853,-12.76737783,-18.88897293,-23.05800914
3.6,-18.63436622,-12.82616151,-18.68298942,-23.34209949
3.61,-18.58441608,-12.88581024,-18.4819929,-23.63375307
3.62,-18.529466,-12.94634688,-18.28583734,-23.93318946
3.63,-18.46977907,-13.00779486,-18.0943794,-24.24060322
3.64,-18.40563085,-13.07017824,-17.9074792,-24.55615207
3.65,-18.33730662,-13.13352169,-17.72500077,-24.87994159
3.66,-18.26509873,-13.19785051,-17.54681248,-25.21200533
3.67,-18.18930403,-13.26319072,-17.37278721,-25.55227923
3.68,-18.11022146,-13.32956899,-17.20280255,-25.90056883
3.69,-18.02814987,-13.39701275,-17.03674082,-26.25650763
3.7,-17.94338592,-13.46555016,-16.87448911,-26.61950466
3.71,-17.85622234,-13.53521016,-16.71593922,-26.9886793
3.72,-17.76694627,-13.60602251,-16.56098757,-27.36278161
3.73,-17.6758379,-13.6780178,-16.40953515,-27.74009725
3.74,-17.58316929,-13.75122751,-16.26148735,-28.11833775
3.75,-17.48920332,-13.82568401,-16.11675384,-28.49452009
3.76,-17.39419298,-13.90142062,-15.97524843,-28.86484481
3.77,-17.29838066,-13.97847165,-15.83688894,-29.22458956
3.78,-17.20199767,-14.05687242,-15.70159699,-29.5680455
3.79,-17.10526392,-14.13665933,-15.56929792,-29.88853463
3.8,-17.00838766,-14.21786987,-15.43992057,-30.17855472
3.81,-16.91156535,-14.30054271,-15.31339719,-30.43009634
3.82,-16.81498162,-14.38471772,-15.18966322,-30.63515641
3.83,-16.71880929,-14.470436,-15.06865722,-30.78642747
3.84,-16.62320945,-14.55774002,-14.95032068,-30.87807809
3.85,-16.52833161,-14.64667358,-14.83459787,-30.90647768
3.86,-16.43431384,-14.73728194,-14.72143577,-30.87069361
3.87,-16.34128299,-14.82961187,-14.61078387,-30.77262598
3.88,-16.2493549,-14.9237117,-14.50259412,-30.61674131
3.89,-16.15863462,-15.01963143,-14.39682073,-30.40948086
3.9,-16.06921669,-15.11742278,-14.29342011,-30.15849797
3.91,-15.98118534,-15.21713931,-14.19235078,-29.8718946
3.92,-15.89461479,-15.31883648,-14.09357318,-29.55758484
3.93,-15.80956949,-15.42257177,-13.99704966,-29.22284773
3.94,-15.72610435,-15.52840478,-13.90274434,-28.87407206
3.95,-15.64426504,-15.63639735,-13.81062302,-28.51665956
3.96,-15.56408821,-15.74661366,-13.72065309,-28.15503956
3.97,-15.48560178,-15.85912038,-13.63280348,-27.79275069
3.98,-15.40882518,-15.97398681,-13.54704451,-27.43255493
3.99,-15.33376965,-16.09128504,-13.46334789,-27.07656045
4,-15.26043847,-16.21109009,-13.38168659,-26.72633911
4.01,-15.18882729,-16.33348009,-13.30203482,-26.3830315
4.02,-15.1189244,-16.45853649,-13.2243679,-26.04743682
4.03,-15.05071105,-16.58634424,-13.14866227,-25.7200875
4.04,-14.98416182,-16.71699203,-13.07489536,-25.40130982
4.05,-14.91924491,-16.8505725,-13.00304557,-25.09127252
4.06,-14.85592261,-16.98718256,-12.93309224,-24.79002524
4.07,-14.79415166,-17.1269236,-12.86501553,-24.49752868
4.08,-14.73388376,-17.26990182,-12.79879644,-24.2136781
4.09,-14.67506602,-17.4162286,-12.73441671,-23.9383215
4.1,-14.61764157,-17.56602078,-12.67185882,-23.67127371
4.11,-14.56155013,-17.71940113,-12.61110591,-23.41232707
4.12,-14.50672871,-17.87649875,-12.55214179,-23.16125964
4.13,-14.45311234,-18.03744951,-12.49495085,-22.91784143
4.14,-14.40063487,-18.20239658,-12.43951807,-22.68183901
4.15,-14.34922989,-18.37149099,-12.38582897,-22.45301902
4.16,-14.2988317,-18.54489224,-12.33386956,-22.23115068
4.17,-14.2493764,-18.72276896,-12.28362638,-22.01600764
4.18,-14.20080304,-18.90529961,-12.23508641,-21.80736924
4.19,-14.15305489,-19.09267333,-12.18823708,-21.60502145
4.2,-14.1060808,-19.2850908,-12.14306625,-21.40875733
4.21,-14.0598367,-19.48276519,-12.09956218,-21.21837741
4.22,-14.0142871,-19.68592324,-12.05771355,-21.0336898
4.23,-13.96940671,-19.89480641,-12.0175094,-20.85451018
4.24,-13.92518217,-20.1096722,-11.97893918,-20.6806617
4.25,-13.88161374,-20.33079553,-11.94199268,-20.51197483
4.26,-13.83871704,-20.5584703,-11.90666008,-20.34828709
4.27,-13.79652472,-20.79301112,-11.87293194,-20.18944283
4.28,-13.75508812,-21.03475521,-11.84079916,-20.03529293
4.29,-13.71447874,-21.2840644,-11.81025303,-19.88569452
4.3,-13.67478949,-21.54132747,-11.78128525,-19.74051069
4.31,-13.63613578,-21.80696258,-11.75388787,-19.59961018
4.32,-13.59865608,-22.08141996,-11.72805337,-19.46286708
4.33,-13.56251224,-22.36518479,-11.70377466,-19.3301606
4.34,-13.52788915,-22.65878033,-11.68104507,-19.20137473
4.35,-13.49499384,-22.96277117,-11.65985841,-19.07639802
4.36,-13.46405399,-23.27776658,-11.64020897,-18.95512334
4.37,-13.43531557,-23.60442388,-11.62209156,-18.83744759
4.38,-13.40903991,-23.94345169,-11.60550154,-18.72327153
4.39,-13.38549986,-24.29561261,-11.59043484,-18.61249956
4.4,-13.36497532,-24.66172521,-11.57688803,-18.50503948
4.41,-13.34774815,-25.04266437,-11.56485832,-18.40080235
4.42,-13.3340965,-25.43935918,-11.55434366,-18.29970228
4.43,-13.32428879,-25.85278687,-11.54534272,-18.2016563
4.44,-13.31857758,-26.28396042,-11.53785502,-18.10658417
4.45,-13.31719342,-26.73390657,-11.53188094,-18.01440826
4.46,-13.32033906,-27.2036289,-11.52742178,-17.92505339
4.47,-13.32818421,-27.69404841,-11.52447987,-17.83844674
4.48,-13.340861,-28.20590987,-11.5230586,-17.75451772
4.49,-13.35846052,-28.73963681,-11.52316252,-17.67319783
4.5,-13.3810304,-29.29511037,-11.52479743,-17.59442061
4.51,-13.40857369,-29.87133667,-11.52797047,-17.51812151
4.52,-13.44104892,-30.4659563,-11.53269019,-17.4442378
4.53,-13.47837147,-31.0745409,-11.53896669,-17.37270851
4.54,-13.52041602,-31.68962908,-11.54681172,-17.30347436
4.55,-13.56701999,-32.29950397,-11.55623881,-17.23647764
4.56,-13.6179878,-32.88685755,-11.56726337,-17.17166221
4.57,-13.6730957,-33.42778288,-11.57990287,-17.10897337
4.58,-13.73209695,-33.8919821,-11.59417697,-17.04835787
4.59,-13.79472722,-34.24542503,-11.61010765,-16.98976381
4.6,-13.86070983,-34.45627733,-11.62771946,-16.93314059
4.61,-13.92976082,-34.50307932,-11.64703962,-16.87843891
4.62,-14.00159371,-34.38162039,-11.66809827,-16.82561067
4.63,-14.07592366,-34.10641105,-11.69092865,-16.77460895
4.64,-14.15247123,-33.70577433,-11.71556738,-16.72538799
4.65,-14.23096545,-33.21368667,-11.74205463,-16.67790312
4.66,-14.31114641,-32.66258325,-11.77043444,-16.63211077
4.67,-14.39276723,-32.07929742,-11.80075501,-16.5879684
4.68,-14.47559547,-31.48393585,-11.83306893,-16.54543447
4.69,-14.55941417,-30.89049203,-11.86743361,-16.50446845
4.7,-14.64402236,-30.30811675,-11.90391153,-16.46503075
4.71,-14.72923527,-29.74242131,-11.94257071,-16.42708272
4.72,-14.81488419,-29.19656039,-11.98348503,-16.39058661
4.73,-14.90081611,-28.67204516,-12.02673473,-16.35550557
4.74,-14.98689317,-28.16931998,-12.07240685,-16.32180361
4.75,-15.07299195,-27.68815771,-12.12059574,-16.28944557
4.76,-15.17091755,-27.1962262,-12.16637446,-16.26370723
4.77,-15.27297596,-26.72513143,-12.21402024,-16.23902541
4.78,-15.37930261,-26.27381747,-12.26355191,-16.21539592
4.79,-15.49004024,-25.84117156,-12.31498864,-16.19281138
4.8,-15.60533957,-25.42607872,-12.36834989,-16.17126104
4.81,-15.72536001,-25.0274546,-12.4236554,-16.15073065
4.82,-15.85027044,-24.64426424,-12.4809252,-16.13120219
4.83,-15.98025011,-24.27553186,-12.54017956,-16.1126538
4.84,-16.11548959,-23.92034489,-12.60143892,-16.09505952
4.85,-16.25619187,-23.57785442,-12.66472387,-16.07838916
4.86,-16.40257351,-23.24727354,-12.73005506,-16.06260812
4.87,-16.55486599,-22.92787443,-12.7974531,-16.04767721
4.88,-16.71331719,-22.61898476,-12.86693847,-16.03355252
4.89,-16.87819301,-22.31998385,-12.93853137,-16.02018524
4.9,-17.04977919,-22.03029881,-13.01225158,-16.00752154
4.91,-17.22838342,-21.74940075,-13.08811823,-15.99550246
4.92,-17.41433756,-21.47680119,-13.16614964,-15.98406375
4.93,-17.60800033,-21.2120487,-13.24636301,-15.97313586
4.94,-17.80976015,-20.95472578,-13.32877413,-15.96264382
4.95,-18.02003851,-20.70444605,-13.41339703,-15.9525072
4.96,-18.23929369,-20.4608516,-13.50024359,-15.94264015
4.97,-18.46802505,-20.22361064,-13.58932303,-15.93295137
4.98,-18.70677791,-19.99241536,-13.6806414,-15.92334421
4.99,-18.95614911,-19.76697994,-13.77420094,-15.91371676
5,-19.21679348,-19.54703885,-13.86999936,-15.90396197
5.01,-19.48943115,-19.33234519,-13.96802905,-15.89396789
5.02,-19.77485617,-19.12266931,-14.06827613,-15.88361785
5.03,-20.07394633,-18.91779745,-14.17071935,-15.87279085
5.04,-20.38767475,-18.71753063,-14.27532898,-15.8613618
5.05,-20.71712323,-18.52168355,-14.38206534,-15.84920203
5.06,-21.06349795,-18.33008366,-14.49087733,-15.8361797
5.07,-21.42814779,-18.14257028,-14.60170063,-15.82216038
5.08,-21.81258581,-17.95899383,-14.71445579,-15.80700761
5.09,-22.21851428,-17.77921514,-14.82904603,-15.79058357
5.1,-22.64785394,-17.60310483,-14.94535477,-15.77274981
5.11,-23.1027777,-17.43054271,-15.06324294,-15.75336798
5.12,-23.58574909,-17.26141733,-15.18254599,-15.73230071
5.13,-24.09956481,-17.09562549,-15.30307057,-15.70941243
5.14,-24.64739969,-16.93307185,-15.42459102,-15.68457028
5.15,-25.23284915,-16.77366858,-15.54684546,-15.65764509
5.16,-25.85995908,-16.61733504,-15.66953172,-15.62851226
5.17,-26.53322175,-16.46399752,-15.79230304,-15.59705278
5.18,-27.25749452,-16.31358899,-15.9147636,-15.56315416
5.19,-28.03775479,-16.16604892,-16.03646407,-15.52671137
5.2,-28.87851892,-16.02132307,-16.15689724,-15.48762774
5.21,-29.7825859,-15.87936341,-16.275494,-15.44581586
5.22,-30.74845643,-15.74012796,-16.39161979,-15.40119832
5.23,-31.76526958,-15.60358076,-16.50457198,-15.35370845
5.24,-32.80356668,-15.46969176,-16.61357846,-15.30329098
5.25,-33.80088929,-15.33843685,-16.71779779,-15.24990254
5.26,-34.64730924,-15.2097978,-16.81632158,-15.19351205
5.27,-35.1926109,-15.08376234,-16.9081794,-15.13410107
5.28,-35.30652072,-14.96032412,-16.99234685,-15.07166387
5.29,-34.96846537,-14.83948285,-17.06775715,-15.00620748
5.3,-34.2848468,-14.72124428,-17.1333167,-14.93775155
5.31,-33.40999403,-14.60562034,-17.18792466,-14.86632803
5.32,-32.46977742,-14.49262923,-17.23049658,-14.79198073
5.33,-31.54096111,-14.38229541,-17.25999163,-14.71476475
5.34,-30.66240787,-14.27464977,-17.27544277,-14.63474572
5.35,-29.85059233,-14.16972957,-17.27598865,-14.55199894
5.36,-29.11042361,-14.06757849,-17.26090604,-14.46660842
5.37,-28.44139067,-13.9682465,-17.2296409,-14.37866574
5.38,-27.84075443,-13.87178972,-17.1818366,-14.28826899
5.39,-27.30512571,-13.77827002,-17.11735765,-14.19552149
5.4,-26.83120951,-13.68775456,-17.03630751,-14.10053063
5.41,-26.41612783,-13.600315,-16.93903983,-14.00340677
5.42,-26.05752892,-13.5160264,-16.82616272,-13.90426217
5.43,-25.7535839,-13.43496572,-16.69853646,-13.80321027
5.44,-25.50291472,-13.35720977,-16.55726543,-13.70036516
5.45,-25.30446618,-13.28283261,-16.40368547,-13.59584155
5.46,-25.15731341,-13.21190214,-16.23934809,-13.48975532
5.47,-25.06037993,-13.1444759,-16.06600259,-13.38222475
5.48,-25.01202395,-13.08059602,-15.88557724,-13.27337271
5.49,-25.00943443,-13.02028329,-15.70015958,-13.16332983
5.5,-25.04776616,-12.9635304,-15.51197583,-13.05223879
5.51,-25.11895457,-12.91029489,-15.32336829,-12.94025984
5.52,-25.2102227,-12.86049199,-15.1367691,-12.8275774
5.53,-25.30249723,-12.81398843,-14.95466853,-12.71440754
5.54,-25.36936374,-12.77059802,-14.77957541,-12.60100594
5.55,-25.3777735,-12.73008033,-14.61396825,-12.48767567
5.56,-25.29202149,-12.69214393,-14.46023576,-12.37477405
5.57,-25.08156978,-12.65645501,-14.32060764,-12.26271736
5.58,-24.73050475,-12.62265236,-14.19707782,-12.15198264
5.59,-24.24360714,-12.59036811,-14.09132469,-12.04310539
5.6,-23.6449308,-12.55925309,-14.00463491,-11.93667252
5.61,-22.96981544,-12.52900409,-13.93783841,-11.83331052
5.62,-22.25531937,-12.49938945,-13.89126242,-11.73366901
5.63,-21.53343152,-12.47026955,-13.86471129,-11.63840093
5.64,-20.82822368,-12.44160875,-13.85747586,-11.54814086
5.65,-20.15585885,-12.4134772,-13.868373,-11.46348355
5.66,-19.5259443,-12.38604233,-13.89581213,-11.38496442
5.67,-18.94319483,-12.35955191,-13.93788213,-11.31304395
5.68,-18.40891947,-12.33431135,-13.99245055,-11.248097
5.69,-17.92218645,-12.31065896,-14.05726595,-11.19040746
5.7,-17.480676,-12.28894202,-14.13005535,-11.14016825
5.71,-17.08128098,-12.26949622,-14.20861038,-11.09748564
5.72,-16.72051971,-12.25262983,-14.29085789,-11.06238706
5.73,-16.39481502,-12.23861287,-14.37491304,-11.03483106
5.74,-16.10068008,-12.22767106,-14.45911482,-11.01471827
5.75,-15.8348397,-12.21998373,-14.54204537,-11.00190241
5.76,-15.59430653,-12.21568473,-14.62253538,-10.99620068
5.77,-15.37642416,-12.21486541,-14.69965816,-10.99740296
5.78,-15.17888421,-12.21757878,-14.77271535,-11.00527971
5.79,-14.99972184,-12.22384426,-14.84121675,-11.01958846
5.8,-14.83729244,-12.23365255,-14.90485665,-11.04007896
5.81,-14.69023352,-12.24697035,-14.96348853,-11.0664972
5.82,-14.55741625,-12.26374455,-15.01709965,-11.0985884
5.83,-14.43789278,-12.28390617,-15.06578661,-11.13609928
5.84,-14.33084514,-12.30737365,-15.10973274,-11.17877967
5.85,-14.23554104,-12.33405575,-15.14918768,-11.22638366
5.86,-14.15129976,-12.36385405,-15.18444948,-11.27867044
5.87,-14.07746917,-12.39666498,-15.21584922,-11.33540488
5.88,-14.01341317,-12.43238166,-15.24373812,-11.396358
5.89,-13.95850728,-12.47089529,-15.26847703,-11.46130724
5.9,-13.91213975,-12.51209649,-15.2904279,-11.53003673
5.91,-13.87371589,-12.55587632,-15.3099472,-11.60233749
5.92,-13.84266333,-12.60212716,-15.32738098,-11.67800758
5.93,-13.81843717,-12.65074347,-15.34306116,-11.75685223
5.94,-13.80052394,-12.70162242,-15.35730312,-11.83868395
5.95,-13.7884443,-12.75466446,-15.37040406,-11.92332257
5.96,-13.78175439,-12.80977371,-15.38264223,-12.01059534
5.97,-13.78004597,-12.86685835,-15.39427664,-12.10033695
5.98,-13.78294563,-12.92583095,-15.40554732,-12.19238949
5.99,-13.79011336,-12.98660868,-15.41667577,-12.28660247
6,-13.80124069,-13.04911353,-15.42786583,-12.38283274
6.01,-13.81604849,-13.11327244,-15.43930457,-12.48094443
6.02,-13.8342848,-13.17901741,-15.45116334,-12.58080883
6.03,-13.85572256,-13.24628558,-15.46359889,-12.68230425
6.04,-13.8801575,-13.31501924,-15.47675449,-12.78531595
6.05,-13.90740604,-13.38516586,-15.49076109,-12.88973587
6.06,-13.93730348,-13.45667804,-15.50573836,-12.99546252
6.07,-13.96970226,-13.5295135,-15.52179581,-13.10240077
6.08,-14.00447036,-13.60363497,-15.53903377,-13.21046166
6.09,-14.04148996,-13.67901017,-15.55754435,-13.31956213
6.1,-14.08065613,-13.75561165,-15.57741237,-13.42962489
6.11,-14.12187575,-13.83341673,-15.59871615,-13.54057811
6.12,-14.16506647,-13.91240735,-15.62152834,-13.65235527
6.13,-14.21015589,-13.99256998,-15.64591663,-13.76489487
6.14,-14.2570807,-14.07389547,-15.67194441,-13.87814026
6.15,-14.30578607,-14.15637895,-15.69967138,-13.99203939
6.16,-14.35622497,-14.24001966,-15.72915415,-14.1065446
6.17,-14.40835767,-14.32482085,-15.76044672,-14.22161241
6.18,-14.46215124,-14.41078966,-15.79360098,-14.33720331
6.19,-14.51757914,-14.49793698,-15.82866717,-14.45328159
6.2,-14.57462087,-14.58627738,-15.86569425,-14.5698151
6.21,-14.63326158,-14.67582893,-15.90473025,-14.68677508
6.22,-14.69349187,-14.76661318,-15.94582269,-14.80413604
6.23,-14.75530745,-14.85865501,-15.98901881,-14.9218755
6.24,-14.81870901,-14.9519826,-16.03436591,-15.0399739
6.25,-14.88370193,-15.04662732,-16.0819116,-15.15841442
6.26,-14.95029619,-15.1426237,-16.13170402,-15.27718285
6.27,-15.0185062,-15.24000938,-16.18379213,-15.39626744
6.28,-15.08835068,-15.33882504,-16.23822588,-15.51565878
6.29,-15.15985252,-15.43911446,-16.2950564,-15.63534968
6.3,-15.23303876,-15.54092443,-16.35433623,-15.75533507
6.31,-15.30794047,-15.64430479,-16.41611947,-15.87561188
6.32,-15.38459271,-15.74930849,-16.48046192,-15.99617895
6.33,-15.46303448,-15.85599154,-16.54742133,-16.11703695
6.34,-15.54330868,-15.96441315,-16.61705742,-16.23818828
6.35,-15.62546214,-16.07463575,-16.68943217,-16.35963701
6.36,-15.70954554,-16.18672508,-16.76460983,-16.48138881
6.37,-15.79561348,-16.3007503,-16.84265717,-16.60345086
6.38,-15.88372444,-16.4167841,-16.92364351,-16.72583185
6.39,-15.97394085,-16.53490287,-17.00764094,-16.84854187
6.4,-16.06632909,-16.65518681,-17.0947244,-16.97159242
6.41,-16.16095954,-16.77772015,-17.18497183,-17.09499631
6.42,-16.25790665,-16.90259134,-17.27846426,-17.21876769
6.43,-16.35724899,-17.0298933,-17.37528601,-17.34292198
6.44,-16.45906931,-17.15972362,-17.47552473,-17.46747586
6.45,-16.56345466,-17.29218489,-17.57927158,-17.59244726
6.46,-16.67049643,-17.42738501,-17.68662136,-17.71785532
6.47,-16.78029049,-17.56543752,-17.7976726,-17.84372045
6.48,-16.89293733,-17.70646198,-17.91252772,-17.97006425
6.49,-17.00854212,-17.8505844,-18.03129313,-18.09690955
6.5,-17.12721491,-17.99793772,-18.1540794,-18.22428044
6.51,-17.24907078,-18.14866228,-18.28100132,-18.35220223
6.52,-17.37422998,-18.30290643,-18.41217809,-18.48070155
6.53,-17.50281817,-18.46082714,-18.54773338,-18.60980628
6.54,-17.63496658,-18.62259069,-18.68779547,-18.73954568
6.55,-17.77081231,-18.78837343,-18.83249735,-18.86995035
6.56,-17.9104985,-18.95836265,-18.98197683,-19.00105232
6.57,-18.05417471,-19.13275752,-19.13637657,-19.13288509
6.58,-18.20199717,-19.3117701,-19.29584418,-19.26548369
6.59,-18.35412915,-19.49562659,-19.4605322,-19.39888475
6.6,-18.51074135,-19.68456855,-19.63059815,-19.53312655
6.61,-18.67201235,-19.87885446,-19.80620442,-19.66824916
6.62,-18.83812906,-20.07876127,-19.98751817,-19.80429449
6.63,-19.00928729,-20.28458633,-20.17471116,-19.9413064
6.64,-19.18569232,-20.49664946,-20.36795942,-20.07933081
6.65,-19.36755964,-20.71529532,-20.56744285,-20.21841587
6.66,-19.55511561,-20.9408961,-20.77334468,-20.35861205
6.67,-19.74859842,-21.17385461,-20.98585065,-20.49997232
6.68,-19.94825897,-21.4146078,-21.20514803,-20.64255232
6.69,-20.15436201,-21.66363077,-21.43142432,-20.78641054
6.7,-20.36718734,-21.92144149,-21.66486547,-20.93160854
6.71,-20.58703122,-22.18860613,-21.90565376,-21.07821119
6.72,-20.81420794,-22.46574542,-22.15396496,-21.22628688
6.73,-21.04905163,-22.75354191,-22.40996478,-21.37590784
6.74,-21.2919183,-23.05274865,-22.67380439,-21.52715044
6.75,-21.54318822,-23.36419936,-22.94561476,-21.68009553
6.76,-21.8032686,-23.68882054,-23.22549954,-21.83482878
6.77,-22.07259666,-24.0276459,-23.51352618,-21.99144117
6.78,-22.35164325,-24.38183378,-23.80971487,-22.15002937
6.79,-22.64091693,-24.75268819,-24.11402474,-22.31069632
6.8,-22.94096879,-25.14168448,-24.42633689,-22.47355174
6.81,-23.252398,-25.55050094,-24.74643352,-22.63871283
6.82,-23.5758583,-25.98105797,-25.07397239,-22.80630488
6.83,-23.91206567,-26.43556704,-25.40845605,-22.97646216
6.84,-24.26180725,-26.91659261,-25.74919501,-23.1493287
6.85,-24.62595194,-27.42713124,-26.09526453,-23.32505937
6.86,-25.00546301,-27.97071362,-26.44545474,-23.50382089
6.87,-25.40141309,-28.55153811,-26.79821509,-23.68579314
6.88,-25.81500211,-29.17464745,-27.15159477,-23.87117052
6.89,-26.24757897,-29.84616604,-27.50318298,-24.06016355
6.9,-26.7006677,-30.57362283,-27.85005541,-24.25300063
6.91,-27.17599928,-31.36639699,-28.18873646,-24.4499301
6.92,-27.67555052,-32.23634021,-28.51519039,-24.65122255
6.93,-28.20159174,-33.19865183,-28.82485796,-24.85717344
6.94,-28.75674544,-34.27310257,-29.11275607,-25.0681061
6.95,-29.34405863,-35.48567835,-29.37365555,-25.28437527
6.96,-29.96709187,-36.87047126,-29.60234323,-25.50637104
6.97,-30.63002811,-38.47043463,-29.79395905,-25.73452353
6.98,-31.33780381,-40.33025284,-29.94437737,-25.96930826
6.99,-32.09626128,-42.45161929,-30.05058096,-26.21125244
7,-32.91231235,-44.60116841,-30.11096368,-26.46094237
7.01,-33.79408005,-45.86228124,-30.1255018,-26.71903215
7.02,-34.75092784,-45.16173945,-30.09575742,-26.98625396
7.03,-35.79314609,-43.18300463,-30.02471285,-27.26343044
7.04,-36.93072436,-41.05639853,-29.91647189,-27.55148937
7.05,-38.16981377,-39.16418378,-29.77588698,-27.8514816
7.06,-39.50358679,-37.5416633,-29.60817668,-28.16460268
7.07,-40.8905901,-36.14891733,-29.4185856,-28.49221955
7.08,-42.2114703,-34.94122955,-29.2121185,-28.8359035
7.09,-43.21812285,-33.88209107,-28.99335854,-29.19747139
7.1,-43.58403007,-32.94356773,-28.76636408,-29.57903761
7.11,-43.1683783,-32.10448881,-28.53462906,-29.98308062
7.12,-42.17839212,-31.34869026,-28.30108938,-30.41252888
7.13,-40.93865259,-30.66367255,-28.06815865,-30.87087371
7.14,-39.66638353,-30.03963459,-27.8377801,-31.36231968
7.15,-38.45837444,-29.46878677,-27.6114846,-31.89198885
7.16,-37.34497845,-28.94486025,-27.39044867,-32.46620343
7.17,-36.32822747,-28.46275241,-27.17554832,-33.09288655
7.18,-35.39993308,-28.01826721,-26.96740681,-33.78214531
7.19,-34.54916593,-27.60792207,-26.7664357,-34.54714621
7.2,-33.7650995,-27.22880216,-26.572869,-35.40547828
7.21,-33.03796256,-26.8784487,-26.38679097,-36.38137148
7.22,-32.35925056,-26.55477199,-26.20815824,-37.50950769
7.23,-31.72166481,-26.25598257,-26.03681686,-38.84202794
7.24,-31.11896788,-25.98053578,-25.87251514,-40.46260848
7.25,-30.5458282,-25.72708605,-25.71491285,-42.51835043
7.26,-29.99768004,-25.49444854,-25.56358735,-45.30584218
7.27,-29.4706058,-25.28156582,-25.41803736,-49.57975729
7.28,-28.96124013,-25.08747815,-25.27768484,-58.50037022
7.29,-28.46669301,-24.91129611,-25.14187542,-58.10638283
7.3,-27.98448816,-24.75217421,-25.00987802,-49.06084703
7.31,-27.51251355,-24.60928488,-24.88088408,-44.54284773
7.32,-27.04898117,-24.48179177,-24.75400717,-41.49013977
7.33,-26.59239353,-24.36882179,-24.6282833,-39.1620675
7.34,-26.14151534,-24.26943525,-24.502673,-37.26604216
7.35,-25.69534858,-24.18259379,-24.37606555,-35.65656407
7.36,-25.25311014,-24.10712592,-24.24728639,-34.25075449
7.37,-24.8142112,-24.04169048,-24.11510819,-32.99694396
7.38,-24.3782378,-23.98473899,-23.97826638,-31.86077513
7.39,-23.94493242,-23.93447839,-23.83547953,-30.8182734
7.4,-23.51417626,-23.88883705,-23.68547464,-29.85207425
7.41,-23.0859724,-23.84543824,-23.52701719,-28.94922542
7.42,-22.66042977,-23.8015863,-23.3589451,-28.09983589
7.43,-22.23774796,-23.7542729,-23.1802054,-27.29620809
7.44,-21.81820314,-23.70021083,-22.98989169,-26.53225985
7.45,-21.40213494,-23.63590342,-22.78728018,-25.80312721
7.46,-20.98993454,-23.55775492,-22.57186175,-25.10488411
7.47,-20.58203384,-23.46222337,-22.34336763,-24.43433991
7.48,-20.17889574,-23.34601014,-22.10178645,-23.78889003
7.49,-19.78100556,-23.20627162,-21.84737116,-23.16640359
7.5,-19.38886334,-23.04083024,-21.58063509,-22.56513736
7.51,-19.00297708,-22.84835571,-21.30233745,-21.98366869
7.52,-18.62385673,-22.62848822,-21.01345927,-21.4208423
7.53,-18.25200881,-22.3818817,-20.71517184,-20.87572727
7.54,-17.88793159,-22.1101589,-20.40879983,-20.34758163
7.55,-17.53211071,-21.81578527,-20.0957817,-19.83582266
7.56,-17.18501507,-21.5018824,-19.77762983,-19.34000139
7.57,-16.8470931,-21.17200947,-19.45589225,-18.85978044
7.58,-16.51876917,-20.82994185,-19.13211781,-18.39491427
7.59,-16.20044021,-20.47947084,-18.80782562,-17.94523132
7.6,-15.89247255,-20.12424002,-18.48447943,-17.51061779
7.61,-15.59519893,-19.76762481,-18.16346705,-17.09100267
7.62,-15.30891579,-19.41265461,-17.8460846,-16.68634395
7.63,-15.03388079,-19.06197209,-17.5335252,-16.296616
7.64,-14.77031073,-18.71782209,-17.22687154,-15.92179802
7.65,-14.5183798,-18.38206203,-16.92709177,-15.56186374
7.66,-14.27821835,-18.05618663,-16.63503824,-15.21677247
7.67,-14.04991214,-17.74136106,-16.3514484,-14.88646143
7.68,-13.83350209,-17.43845807,-16.07694762,-14.57083962
7.69,-13.62898466,-17.14809591,-15.81205334,-14.26978325
7.7,-13.43631275,-16.87067513,-15.55718045,-13.98313269
7.71,-13.25539724,-16.60641284,-15.31264748,-13.71069095
7.72,-13.08610892,-16.35537389,-15.07868343,-13.45222367
7.73,-12.92828105,-16.11749874,-14.85543507,-13.20746043
7.74,-12.78171221,-15.89262786,-14.64297455,-12.97609726
7.75,-12.64616954,-15.68052301,-14.44130713,-12.75780009
7.76,-12.52139228,-15.48088547,-14.25037897,-12.55220907
7.77,-12.40709534,-15.29337158,-14.07008476,-12.3589433
7.78,-12.30297308,-15.11760585,-13.90027528,-12.17760601
7.79,-12.20870299,-14.95319194,-13.74076451,-12.00778971
7.8,-12.12394937,-14.79972169,-13.59133652,-11.84908133
7.81,-12.04836673,-14.65678262,-13.45175181,-11.70106703
7.82,-11.9816031,-14.5239639,-13.32175324,-11.56333672
7.83,-11.92330306,-14.40086121,-13.20107141,-11.43548792
7.84,-11.87311042,-14.28708042,-13.08942948,-11.31712925
7.85,-11.83067066,-14.18224056,-12.9865475,-11.20788315
7.86,-11.79563305,-14.0859759,-12.89214611,-11.10738815
7.87,-11.76765241,-13.99793748,-12.80594978,-11.0153004
7.88,-11.74639059,-13.9177941,-12.72768947,-10.93129478
7.89,-11.73151769,-13.84523288,-12.65710487,-10.8550654
7.9,-11.72271293,-13.77995946,-12.59394615,-10.78632566
7.91,-11.71966532,-13.72169795,-12.53797531,-10.72480796
7.92,-11.72207407,-13.67019058,-12.48896713,-10.67026298
7.93,-11.72964884,-13.62519722,-12.44670983,-10.62245875
7.94,-11.74210975,-13.58649475,-12.41100539,-10.58117947
7.95,-11.75918727,-13.55387626,-12.38166959,-10.54622415
7.96,-11.78062203,-13.52715025,-12.35853187,-10.51740514
7.97,-11.80616437,-13.50613966,-12.34143493,-10.49454663
7.98,-11.83557399,-13.49068094,-12.33023419,-10.47748304
7.99,-11.86861941,-13.48062301,-12.32479706,-10.46605747
8,-11.90507739,-13.47582628,-12.32500213,-10.46012015
8.01,-11.94473237,-13.47616154,-12.3307382,-10.45952702
8.02,-11.9873758,-13.4815089,-12.34190322,-10.46413825
8.03,-12.03280555,-13.49175679,-12.35840316,-10.47381702
8.04,-12.08082522,-13.50680079,-12.38015083,-10.48842831
8.05,-12.13124355,-13.52654261,-12.40706454,-10.5078378
8.06,-12.18387377,-13.55088903,-12.43906686,-10.53191094
8.07,-12.23853299,-13.57975078,-12.47608314,-10.56051211
8.08,-12.29504163,-13.61304151,-12.51804018,-10.59350396
8.09,-12.35322286,-13.6506767,-12.56486471,-10.63074677
8.1,-12.4129021,-13.69257264,-12.61648194,-10.672098
8.11,-12.4739065,-13.73864535,-12.672814,-10.71741196
8.12,-12.53606453,-13.78880953,-12.73377841,-10.76653954
8.13,-12.5992056,-13.84297757,-12.79928652,-10.81932802
8.14,-12.66315966,-13.90105846,-12.86924191,-10.87562104
8.15,-12.72775694,-13.96295685,-12.9435388,-10.93525855
8.16,-12.79282775,-14.02857196,-13.02206046,-10.99807692
8.17,-12.85820219,-14.09779668,-13.10467756,-11.06390899
8.18,-12.92371016,-14.17051656,-13.19124665,-11.13258431
8.19,-12.98918118,-14.24660883,-13.28160854,-11.20392926
8.2,-13.05444451,-14.32594155,-13.37558678,-11.27776734
8.21,-13.11932915,-14.40837266,-13.47298615,-11.35391938
8.22,-13.18366402,-14.49374911,-13.57359124,-11.43220385
8.23,-13.24727817,-14.58190609,-13.67716511,-11.5124371
8.24,-13.31000109,-14.6726662,-13.78344805,-11.59443368
8.25,-13.37166307,-14.76583875,-13.89215647,-11.67800666
8.26,-13.43209564,-14.86121909,-14.00298198,-11.76296787
8.27,-13.49113207,-14.95858806,-14.11559067,-11.8491283
8.28,-13.54860794,-15.05771145,-14.22962264,-11.93629835
8.29,-13.6043618,-15.15833962,-14.34469184,-12.02428822
8.3,-13.65823586,-15.26020723,-14.46038628,-12.11290818
8.31,-13.71007672,-15.36303311,-14.5762686,-12.201969
8.32,-13.75973615,-15.46652023,-14.69187714,-12.29128226
8.33,-13.80707192,-15.57035596,-14.80672757,-12.38066075
8.34,-13.85194864,-15.67421238,-14.92031504,-12.46991892
8.35,-13.89423857,-15.77774696,-15.03211694,-12.55887327
8.36,-13.93382248,-15.88060338,-15.14159643,-12.64734282
8.37,-13.97059045,-15.9824127,-15.24820651,-12.73514964
8.38,-14.00444264,-16.08279469,-15.35139486,-12.82211933
8.39,-14.03529004,-16.18135965,-15.45060925,-12.90808158
8.4,-14.0630551,-16.27771036,-15.54530361,-12.99287078
8.41,-14.08767232,-16.37144451,-15.6349445,-13.07632662
8.42,-14.10908875,-16.46215729,-15.719018,-13.15829471
8.43,-14.12726437,-16.54944446,-15.79703677,-13.23862724
8.44,-14.14217238,-16.63290552,-15.86854708,-13.31718368
8.45,-14.15379932,-16.71214729,-15.93313566,-13.3938314
8.46,-14.16214517,-16.78678756,-15.99043603,-13.46844639
8.47,-14.16722318,-16.85645892,-16.04013424,-13.54091389
8.48,-14.16905975,-16.92081265,-16.08197356,-13.61112906
8.49,-14.16769401,-16.97952259,-16.11575825,-13.67899751
8.5,-14.16317743,-17.03228882,-16.14135588,-13.74443594
8.51,-14.14565933,-17.06750469,-16.15842268,-13.79131782
8.52,-14.12676679,-17.09730685,-16.16665047,-13.83697378
8.53,-14.10651215,-17.12151504,-16.16616277,-13.88124336
8.54,-14.08491319,-17.13998235,-16.15714346,-13.92397638
8.55,-14.06199305,-17.15259819,-16.13983295,-13.96503423
8.56,-14.0377801,-17.15929065,-16.11452359,-14.00429111
8.57,-14.01230781,-17.16002829,-16.08155409,-14.04163503
8.58,-13.98561462,-17.15482111,-16.04130354,-14.0769687
8.59,-13.95774381,-17.14372088,-15.99418499,-14.11021032
8.6,-13.92874334,-17.12682054,-15.9406389,-14.1412941
8.61,-13.89866578,-17.10425303,-15.88112664,-14.17017068
8.62,-13.86756817,-17.07618929,-15.81612428,-14.1968074
8.63,-13.83551202,-17.04283567,-15.74611666,-14.22118841
8.64,-13.80256319,-17.00443082,-15.67159202,-14.24331457
8.65,-13.768792,-16.96124214,-15.59303718,-14.26320332
8.66,-13.73427316,-16.91356183,-15.51093327,-14.28088834
8.67,-13.69908592,-16.86170293,-15.42575216,-14.29641915
8.68,-13.66331413,-16.80599505,-15.33795343,-14.30986056
8.69,-13.62704641,-16.74678032,-15.247982,-14.32129209
8.7,-13.59037627,-16.68440933,-15.15626625,-14.33080723
8.71,-13.5534023,-16.61923732,-15.06321665,-14.3385127
8.72,-13.51622837,-16.55162067,-14.96922487,-14.34452758
8.73,-13.47896374,-16.48191361,-14.87466318,-14.34898242
8.74,-13.44172325,-16.41046535,-14.77988425,-14.35201825
8.75,-13.40462739,-16.33761755,-14.68522115,-14.35378552
8.76,-13.36780236,-16.2637021,-14.59098761,-14.35444296
8.77,-13.33138001,-16.18903936,-14.49747841,-14.35415642
8.78,-13.29549771,-16.11393657,-14.40496985,-14.35309746
8.79,-13.26029811,-16.03868672,-14.31372034,-14.35144202
8.8,-13.22592867,-15.96356759,-14.22397106,-14.34936882
8.81,-13.19254117,-15.88884108,-14.13594651,-14.34705773
8.82,-13.16029089,-15.81475274,-14.04985523,-14.34468791
8.83,-13.12933572,-15.74153144,-13.96589033,-14.34243592
8.84,-13.09983497,-15.66938918,-13.8842301,-14.34047357
8.85,-13.07194807,-15.59852109,-13.8050385,-14.33896577
8.86,-13.04583302,-15.52910534,-13.72846564,-14.33806814
8.87,-13.02164463,-15.4613033,-13.65464815,-14.33792465
8.88,-12.99953268,-15.39525953,-13.58370955,-14.33866518
8.89,-12.97963991,-15.33110194,-13.51576053,-14.34040309
8.9,-12.96209995,-15.26894184,-13.45089913,-14.3432329
8.91,-12.94703517,-15.20887407,-13.38921099,-14.34722811
8.92,-12.93455467,-15.15097699,-13.33076938,-14.3524393
8.93,-12.92475231,-15.09531257,-13.27563536,-14.35889251
8.94,-12.91770485,-15.0419264,-13.22385777,-14.36658809
8.95,-12.91347047,-14.99084769,-13.1754733,-14.37550003
8.96,-12.91208748,-14.94208932,-13.13050644,-14.38557585
8.97,-12.9135734,-14.89564781,-13.0889695,-14.39673711
8.98,-12.91792447,-14.85150346,-13.05086263,-14.40888057
8.99,-12.92511557,-14.80962041,-13.01617378,-14.42187996
9,-12.93510057,-14.7699469,-12.98487874,-14.43558841
9.01,-12.94781311,-14.73241553,-12.95694117,-14.4498414
9.02,-12.96316781,-14.69694373,-12.93231272,-14.46446013
9.03,-12.98106182,-14.66343436,-12.91093311,-14.47925531
9.04,-13.0013767,-14.63177645,-12.89273032,-14.4940311
9.05,-13.02398057,-14.6018462,-12.87762082,-14.50858921
9.06,-13.04873042,-14.5735081,-12.86550984,-14.52273281
9.07,-13.07547454,-14.54661638,-12.85629175,-14.53627041
9.08,-13.10405497,-14.52101654,-12.84985045,-14.54901926
9.09,-13.13430995,-14.4965472,-12.84605987,-14.56080847
9.1,-13.16607623,-14.47304203,-12.84478454,-14.57148154
9.11,-13.19919128,-14.45033187,-12.84588021,-14.58089842
9.12,-13.23349524,-14.42824699,-12.84919457,-14.58893701
9.13,-13.26883273,-14.40661939,-12.85456805,-14.59549404
9.14,-13.30505432,-14.38528505,-12.86183461,-14.60048552
9.15,-13.34201785,-14.36408626,-12.87082271,-14.60384663
9.16,-13.3795894,-14.3428737,-12.88135625,-14.60553126
9.17,-13.41764403,-14.32150847,-12.8932556,-14.60551112
9.18,-13.45606637,-14.29986386,-12.90633871,-14.60377463
9.19,-13.49475084,-14.27782682,-12.92042215,-14.60032557
9.2,-13.53360183,-14.25529919,-12.93532237,-14.59518158
9.21,-13.57253361,-14.23219858,-12.95085677,-14.58837263
9.22,-13.61147013,-14.20845888,-12.96684495,-14.57993936
9.23,-13.6503447,-14.1840305,-12.98310989,-14.56993157
9.24,-13.68909956,-14.15888019,-12.99947914,-14.55840668
9.25,-13.72768539,-14.13299064,-13.01578596,-14.54542826
9.26,-13.76606075,-14.10635974,-13.0318705,-14.53106479
9.27,-13.80419151,-14.07899964,-13.04758089,-14.51538838
9.28,-13.84205021,-14.0509356,-13.06277425,-14.49847372
9.29,-13.87961544,-14.02220472,-13.07731772,-14.48039717
9.3,-13.91687126,-13.99285454,-13.09108934,-14.46123589
9.31,-13.95380654,-13.9629416,-13.10397886,-14.44106718
9.32,-13.99041436,-13.93253,-13.11588847,-14.41996791
9.33,-14.02669149,-13.90168997,-13.12673343,-14.39801402
9.34,-14.06263777,-13.87049651,-13.13644255,-14.37528021
9.35,-14.09825564,-13.83902812,-13.14495862,-14.35183958
9.36,-14.13354959,-13.80736561,-13.1522386,-14.3277635
9.37,-14.16852572,-13.77559102,-13.15825381,-14.30312145
9.38,-14.20319128,-13.74378672,-13.16298992,-14.27798092
9.39,-14.23755424,-13.7120346,-13.16644682,-14.25240744
9.4,-14.27162289,-13.68041536,-13.16863836,-14.22646454
9.41,-14.30540547,-13.64900798,-13.16959197,-14.20021387
9.42,-14.3389098,-13.61788928,-13.16934816,-14.17371523
9.43,-14.37214293,-13.5871336,-13.16795992,-14.14702672
9.44,-14.40511082,-13.55681253,-13.16549195,-14.12020486
9.45,-14.437818,-13.52699483,-13.16201984,-14.09330471
9.46,-14.47026731,-13.49774633,-13.15762916,-14.06638007
9.47,-14.50245952,-13.46912994,-13.15241443,-14.03948363
9.48,-14.53439313,-13.44120573,-13.14647802,-14.01266713
9.49,-14.56606402,-13.41403103,-13.13992898,-13.98598155
9.5,-14.59746519,-13.38766061,-13.13288187,-13.95947727
9.51,-14.62858648,-13.36214682,-13.12545542,-13.93320429
9.52,-14.65941431,-13.33753985,-13.11777127,-13.90721237
9.53,-14.68993142,-13.31388792,-13.10995263,-13.88155118
9.54,-14.72011658,-13.29123754,-13.10212293,-13.85627056
9.55,-14.74994439,-13.26963378,-13.09440443,-13.83142058
9.56,-14.77938499,-13.24912046,-13.08691694,-13.80705177
9.57,-14.80840391,-13.22974048,-13.07977643,-13.78321523
9.58,-14.83696179,-13.21153602,-13.07309374,-13.75996277
9.59,-14.86501424,-13.1945488,-13.06697337,-13.73734708
9.6,-14.89251172,-13.17882029,-13.0615122,-13.71542176
9.61,-14.91939936,-13.16439199,-13.05679845,-13.6942415
9.62,-14.94561698,-13.15130558,-13.05291057,-13.67386213
9.63,-14.97109898,-13.13960313,-13.04991631,-13.65434063
9.64,-14.99577448,-13.12932728,-13.04787191,-13.63573525
9.65,-15.01956735,-13.12052141,-13.04682134,-13.61810542
9.66,-15.04239649,-13.1132297,-13.04679579,-13.60151178
9.67,-15.06417606,-13.10749729,-13.04781316,-13.58601611
9.68,-15.0848159,-13.10337032,-13.04987784,-13.57168118
9.69,-15.10422199,-13.10089594,-13.05298059,-13.55857062
9.7,-15.12229711,-13.10012228,-13.05709856,-13.54674871
9.71,-15.13894153,-13.10109844,-13.06219555,-13.53628007
9.72,-15.15405388,-13.10387427,-13.06822238,-13.52722935
9.73,-15.16753213,-13.10850022,-13.07511741,-13.51966079
9.74,-15.17927469,-13.11502708,-13.0828073,-13.5136377
9.75,-15.18918159,-13.12350558,-13.09120783,-13.50922187
9.76,-15.19715586,-13.13398594,-13.10022488,-13.50647286
9.77,-15.20310485,-13.14651732,-13.10975553,-13.50544722
9.78,-15.20694171,-13.16114707,-13.11968929,-13.50619752
9.79,-15.20858691,-13.17791995,-13.12990934,-13.50877134
9.8,-15.2079697,-13.1968771,-13.14029386,-13.51321009
9.81,-15.20502954,-13.21805488,-13.15071745,-13.51954774
9.82,-15.19971756,-13.24148353,-13.16105245,-13.52780941
9.83,-15.19199776,-13.26718563,-13.17117037,-13.53800987
9.84,-15.1818482,-13.29517436,-13.18094319,-13.55015187
9.85,-15.16926186,-13.32545153,-13.19024466,-13.56422455
9.86,-15.15424743,-13.35800546,-13.19895153,-13.58020158
9.87,-15.13682969,-13.39280859,-13.20694467,-13.59803948
9.88,-15.11704977,-13.429815,-13.21411012,-13.61767578
9.89,-15.09496498,-13.46895768,-13.22033997,-13.63902743
9.9,-15.07064843,-13.51014585,-13.22553322,-13.66198914
9.91,-15.04418836,-13.55326215,-13.2295964,-13.68643205
9.92,-15.01568713,-13.59815993,-13.23244413,-13.71220263
9.93,-14.98526005,-13.64466077,-13.23399955,-13.73912185
9.94,-14.95303391,-13.69255223,-13.23419461,-13.76698486
9.95,-14.91914537,-13.74158621,-13.23297019,-13.79556112
9.96,-14.8837392,-13.79147784,-13.23027622,-13.82459506
9.97,-14.84696644,-13.84190526,-13.22607157,-13.85380748
9.98,-14.80898251,-13.89251053,-13.22032393,-13.88289752
9.99,-14.7699453,-13.9429016,-13.21300953,-13.91154541
10,-14.73001335,-13.9926558,-13.20411288,-13.93941592
10.01,-14.68934411,-14.04132476,-13.19362631,-13.96616244
10.02,-14.64809224,-14.08844089,-13.18154963,-13.99143182
10.03,-14.6064082,-14.13352533,-13.16788956,-14.01486957
10.04,-14.56443687,-14.17609727,-13.15265928,-14.03612557
10.05,-14.52231645,-14.21568442,-13.13587789,-14.05486
10.06,-14.48017749,-14.25183415,-13.11756987,-14.0707493
10.07,-14.43814214,-14.28412496,-13.09776451,-14.08349198
10.08,-14.3963236,-14.31217769,-13.07649541,-14.09281406
10.09,-14.35482571,-14.3356659,-13.05379996,-14.09847403
10.1,-14.31374273,-14.35432487,-13.02971877,-14.10026694
10.11,-14.27315931,-14.36795868,-13.00429524,-14.09802773
10.12,-14.23315051,-14.37644497,-12.9775751,-14.09163348
10.13,-14.19378203,-14.37973719,-12.94960593,-14.08100459
10.14,-14.15511049,-14.37786415,-12.9204368,-14.066105
10.15,-14.11718377,-14.37092698,-12.89011788,-14.04694121
10.16,-14.08004152,-14.35909383,-12.85870009,-14.02356048
10.17,-14.0437156,-14.34259254,-12.82623483,-13.99604816
10.18,-14.00823059,-14.32170191,-12.79277367,-13.96452429
10.19,-13.97360442,-14.29674202,-12.75836813,-13.92913976
10.2,-13.93984883,-14.26806412,-12.72306943,-13.89007209
10.21,-13.90697002,-14.23604056,-12.68692836,-13.84752103
10.22,-13.87496913,-14.20105533,-12.6499951,-13.80170416
10.23,-13.84384286,-14.16349528,-12.61231907,-13.75285263
10.24,-13.8135839,-14.12374253,-12.57394886,-13.70120708
10.25,-13.78418152,-14.08216795,-12.5349321,-13.64701393
10.26,-13.75562197,-14.03912598,-12.49531545,-13.59052203
10.27,-13.72788896,-13.99495062,-12.45514452,-13.53197977
10.28,-13.70096406,-13.94995258,-12.41446386,-13.47163256
10.29,-13.6748271,-13.90441746,-12.37331694,-13.40972082
10.3,-13.6494565,-13.85860486,-12.33174614,-13.34647832
10.31,-13.62482959,-13.81274819,-12.28979279,-13.28213097
10.32,-13.60092294,-13.76705513,-12.24749719,-13.21689592
10.33,-13.57771256,-13.72170855,-12.20489863,-13.15098101
10.34,-13.55517423,-13.67686778,-12.16203544,-13.08458444
10.35,-13.53328362,-13.63267011,-12.11894507,-13.0178947
10.36,-13.51201654,-13.58923248,-12.0756641,-12.9510907
10.37,-13.49134909,-13.54665317,-12.03222833,-12.884342
10.38,-13.4712578,-13.5050136,-11.98867285,-12.81780917
10.39,-13.45171979,-13.46438002,-11.94503211,-12.75164425
10.4,-13.43271283,-13.42480519,-11.90133999,-12.68599122
10.41,-13.41421547,-13.38632993,-11.85762989,-12.62098655
10.42,-13.39620714,-13.3489846,-11.81393478,-12.55675966
10.43,-13.37866816,-13.31279047,-11.77028732,-12.49343349
10.44,-13.36157983,-13.27776092,-11.72671994,-12.43112493
10.45,-13.34492449,-13.2439026,-11.68326487,-12.36994531
10.46,-13.3286855,-13.21121641,-11.63995429,-12.31000074
10.47,-13.3128473,-13.17969844,-11.59682038,-12.25139252
10.48,-13.29739543,-13.14934073,-11.55389541,-12.19421737
10.49,-13.28231649,-13.12013202,-11.51121183,-12.13856771
10.5,-13.26759817,-13.09205832,-11.46880232,-12.08453177
10.51,-13.25322925,-13.06510352,-11.4266999,-12.03219375
10.52,-13.23919953,-13.03924977,-11.384938,-11.98163387
10.53,-13.22549986,-13.01447799,-11.34355053,-11.93292831
10.54,-13.21212208,-12.99076812,-11.30257196,-11.88614921
10.55,-13.19905895,-12.9680995,-11.26203737,-11.84136457
10.56,-13.1863042,-12.94645105,-11.22198253,-11.79863807
10.57,-13.17385236,-12.92580154,-11.18244396,-11.75802891
10.58,-13.16169881,-12.90612973,-11.14345897,-11.71959163
10.59,-13.14983965,-12.8874145,-11.10506575,-11.68337585
10.6,-13.13827165,-12.86963502,-11.06730335,-11.64942607
10.61,-13.12699222,-12.85277079,-11.03021179,-11.61778142
10.62,-13.11599927,-12.83680172,-10.99383204,-11.58847542
10.63,-13.1052912,-12.8217082,-10.95820605,-11.56153577
10.64,-13.09486677,-12.80747111,-10.9233768,-11.53698417
10.65,-13.08472503,-12.79407186,-10.88938827,-11.51483611
10.66,-13.07486525,-12.78149236,-10.85628543,-11.49510079
10.67,-13.06528679,-12.76971506,-10.82411425,-11.47778096
10.68,-13.05598908,-12.75872291,-10.79292167,-11.46287297
10.69,-13.04697146,-12.74849932,-10.76275554,-11.45036668
10.7,-13.03823312,-12.73902814,-10.73366458,-11.44024558
10.71,-13.02977301,-12.73029366,-10.70569831,-11.43248687
10.72,-13.02158974,-12.72228048,-10.67890696,-11.42706168
10.73,-13.01368151,-12.71497352,-10.65334141,-11.4239352
10.74,-13.006046,-12.70835796,-10.62905301,-11.42306706
10.75,-12.9986803,-12.70241913,-10.6060935,-11.42441157
10.76,-12.99158084,-12.69714251,-10.58451484,-11.42791812
10.77,-12.98474328,-12.69251361,-10.56436906,-11.4335316
10.78,-12.97816249,-12.68851792,-10.54570807,-11.44119276
10.79,-12.97183243,-12.68514083,-10.52858344,-11.45083877
10.8,-12.96574616,-12.68236758,-10.51304621,-11.46240359
10.81,-12.9598957,-12.68018312,-10.49914665,-11.47581854
10.82,-12.95427206,-12.6785721,-10.48693399,-11.49101272
10.83,-12.94886518,-12.67751878,-10.4764562,-11.50791352
10.84,-12.94366386,-12.67700691,-10.46775964,-11.52644711
10.85,-12.93865582,-12.67701972,-10.46088885,-11.54653883
10.86,-12.93382759,-12.6775398,-10.45588619,-11.56811367
10.87,-12.92916458,-12.67854904,-10.45279155,-11.59109665
10.88,-12.92465105,-12.6800286,-10.45164206,-11.61541319
10.89,-12.92027014,-12.68195878,-10.45247174,-11.64098943
10.9,-12.91600385,-12.68431906,-10.45531118,-11.66775254
10.91,-12.91183311,-12.68708795,-10.46018728,-11.69563098
10.92,-12.90773779,-12.69024303,-10.46712288,-11.72455468
10.93,-12.90369678,-12.69376085,-10.4761365,-11.75445527
10.94,-12.89968797,-12.69761695,-10.48724207,-11.78526619
10.95,-12.89568838,-12.70178583,-10.50044861,-11.81692279
10.96,-12.89167418,-12.70624093,-10.51576008,-11.84936241
10.97,-12.88762076,-12.71095462,-10.53317505,-11.88252442
10.98,-12.88350282,-12.71589825,-10.55268662,-11.91635023
10.99,-12.87929442,-12.72104214,-10.57428218,-11.95078326
11,-12.87496911,-12.72635561,-10.59794333,-11.98576891
11.01,-12.87049993,-12.73180704,-10.62364576,-12.02125452
11.02,-12.86585957,-12.73736392,-10.65135923,-12.05718925
11.03,-12.86102043,-12.7429929,-10.68104756,-12.09352405
11.04,-12.85595468,-12.74865986,-10.71266862,-12.13021149
11.05,-12.85063439,-12.75433004,-10.74617444,-12.16720577
11.06,-12.84503158,-12.75996805,-10.78151132,-12.20446248
11.07,-12.83911831,-12.76553804,-10.81861996,-12.2419386
11.08,-12.83286676,-12.77100377,-10.85743568,-12.27959235
11.09,-12.82624933,-12.77632876,-10.89788865,-12.31738309
11.1,-12.81923868,-12.78147636,-10.93990413,-12.35527123
11.11,-12.81180784,-12.78640989,-10.9834028,-12.39321814
11.12,-12.80393023,-12.7910928,-11.02830109,-12.43118605
11.13,-12.79557979,-12.79548877,-11.07451151,-12.46913804
11.14,-12.78673102,-12.79956183,-11.12194309,-12.50703788
11.15,-12.77735906,-12.80327651,-11.17050172,-12.54485008
11.16,-12.7674398,-12.80659796,-11.2200906,-12.58253976
11.17,-12.75694998,-12.80949207,-11.27061068,-12.62007269
11.18,-12.74586734,-12.81192563,-11.3219611,-12.65741521
11.19,-12.73417085,-12.81386638,-11.3740396,-12.69453427
11.2,-12.72184101,-12.81528317,-11.42674301,-12.73139739
11.21,-12.7088603,-12.81614605,-11.47996766,-12.76797269
11.22,-12.69521382,-12.81642639,-11.53360984,-12.80422891
11.23,-12.68089032,-12.81609692,-11.5875662,-12.84013538
11.24,-12.66588361,-12.81513188,-11.64173419,-12.87566214
11.25,-12.65019472,-12.81350702,-11.69601245,-12.91077989
11.26,-12.6338349,-12.81119974,-11.75030116,-12.94546007
11.27,-12.61683003,-12.80818906,-11.80450244,-12.9796749
11.28,-12.59922642,-12.80445576,-11.85852068,-13.01339739
11.29,-12.58109845,-12.79998233,-11.91226283,-13.04660146
11.3,-12.56255734,-12.79475306,-11.96563871,-13.07926191
11.31,-12.54375956,-12.78875403,-12.01856127,-13.11135451
11.32,-12.52491068,-12.78197312,-12.07094681,-13.14285601
11.33,-12.50625749,-12.77440001,-12.12271523,-13.17374424
11.34,-12.48805829,-12.7660262,-12.17379016,-13.20399809
11.35,-12.47052377,-12.75684495,-12.22409918,-13.2335976
11.36,-12.45373382,-12.7468513,-12.27357389,-13.26252395
11.37,-12.43756034,-12.73604203,-12.32215004,-13.29075952
11.38,-12.42164522,-12.7244156,-12.36976762,-13.31828792
11.39,-12.40546779,-12.71197218,-12.41637089,-13.34509397
11.4,-12.38848192,-12.6987135,-12.46190844,-13.37116376
11.41,-12.37025383,-12.68464292,-12.50633316,-13.39648467
11.42,-12.35053642,-12.66976529,-12.54960226,-13.42104533
11.43,-12.32926651,-12.65408692,-12.59167723,-13.44483564
11.44,-12.30651422,-12.63761554,-12.63252376,-13.46784679
11.45,-12.28242235,-12.62036023,-12.67211172,-13.49007123
11.46,-12.2571584,-12.60233134,-12.71041502,-13.51150265
11.47,-12.23088528,-12.58354044,-12.74741157,-13.532136
11.48,-12.20374747,-12.56400026,-12.7830831,-13.55196741
11.49,-12.17586684,-12.54372462,-12.8174151,-13.57099421
11.5,-12.14734371,-12.52272834,-12.85039664,-13.58921489
11.51,-12.11825989,-12.50102723,-12.88202026,-13.60662905
11.52,-12.0886823,-12.47863795,-12.91228179,-13.6232374
11.53,-12.05866626,-12.455578,-12.9411802,-13.63904166
11.54,-12.02825827,-12.43186563,-12.96871749,-13.65404459
11.55,-11.99749814,-12.40751979,-12.99489843,-13.6682499
11.56,-11.96642074,-12.38256005,-13.01973049,-13.68166222
11.57,-11.93505723,-12.35700654,-13.04322361,-13.69428703
11.58,-11.90343596,-12.33087989,-13.06539006,-13.70613066
11.59,-11.87158321,-12.3042012,-13.08624428,-13.71720021
11.6,-11.83952366,-12.27699191,-13.10580267,-13.72750349
11.61,-11.80728074,-12.24927384,-13.1240835,-13.73704901
11.62,-11.77487689,-12.22106905,-13.14110669,-13.74584589
11.63,-11.74233377,-12.19239982,-13.15689367,-13.75390383
11.64,-11.70967232,-12.16328862,-13.17146726,-13.76123309
11.65,-11.67691294,-12.13375804,-13.18485148,-13.76784438
11.66,-11.64407545,-12.10383071,-13.19707144,-13.77374886
11.67,-11.6111792,-12.07352933,-13.20815318,-13.77895811
11.68,-11.57824306,-12.04287657,-13.21812358,-13.78348402
11.69,-11.54528543,-12.01189503,-13.22701018,-13.78733883
11.7,-11.51232425,-11.98060723,-13.23484112,-13.79053501
11.71,-11.47937699,-11.94903556,-13.24164499,-13.79308529
11.72,-11.44646065,-11.91720223,-13.24745075,-13.79500259
11.73,-11.41359178,-11.88512925,-13.25228759,-13.79629996
11.74,-11.38078641,-11.85283841,-13.25618492,-13.7969906
11.75,-11.34806011,-11.82035122,-13.25917218,-13.79708779
11.76,-11.31542794,-11.78768891,-13.26127884,-13.79660488
11.77,-11.28290445,-11.7548724,-13.2625343,-13.79555524
11.78,-11.25050369,-11.72192227,-13.26296782,-13.79395226
11.79,-11.21823919,-11.68885872,-13.26260844,-13.7918093
11.8,-11.18612395,-11.65570158,-13.26148497,-13.78913969
11.81,-11.15417048,-11.6224703,-13.25962589,-13.78595668
11.82,-11.12239072,-11.58918389,-13.25705932,-13.78227344
11.83,-11.09079611,-11.55586094,-13.253813,-13.77810306
11.84,-11.05939759,-11.52251957,-13.24991422,-13.7734585
11.85,-11.02820554,-11.48917748,-13.24538979,-13.76835258
11.86,-10.99722984,-11.45585189,-13.24026604,-13.76279797
11.87,-10.96647987,-11.42255952,-13.23456877,-13.7568072
11.88,-10.93596448,-11.38931664,-13.22832322,-13.75039263
11.89,-10.90569203,-11.356139,-13.22155407,-13.74356642
11.9,-10.87567038,-11.32304188,-13.21428544,-13.73634057
11.91,-10.84590693,-11.29004004,-13.20654083,-13.72872686
11.92,-10.81640856,-11.25714774,-13.19834314,-13.72073688
11.93,-10.78718172,-11.22437875,-13.18971468,-13.71238203
11.94,-10.75823238,-11.19174632,-13.18067712,-13.70367347
11.95,-10.72956608,-11.15926321,-13.17125153,-13.69462216
11.96,-10.7011879,-11.12694166,-13.16145836,-13.68523885
11.97,-10.67310251,-11.09479342,-13.15131742,-13.67553406
11.98,-10.64531416,-11.06282974,-13.14084792,-13.6655181
11.99,-10.61782671,-11.03106139,-13.13006848,-13.65520106
12,-10.59064363,-10.99949862,-13.11899707,-13.64459279
12.01,-10.56376798,-10.96815124,-13.1076511,-13.63370295
12.02,-10.53720249,-10.93702854,-13.09604736,-13.62254097
12.03,-10.51094953,-10.90613936,-13.08420208,-13.61111604
12.04,-10.48501112,-10.87549209,-13.07213088,-13.59943717
12.05,-10.45938896,-10.84509463,-13.05984886,-13.58751315
12.06,-10.43408443,-10.81495447,-13.04737053,-13.57535253
12.07,-10.40909861,-10.78507862,-13.03470987,-13.56296369
12.08,-10.38443228,-10.75547371,-13.02188033,-13.55035479
12.09,-10.36008595,-10.72614589,-13.00889485,-13.53753379
12.1,-10.33605988,-10.69710095,-12.99576585,-13.52450845
12.11,-10.31235404,-10.66834425,-12.98250525,-13.51128634
12.12,-10.28896818,-10.63988076,-12.9691245,-13.49787485
12.13,-10.26590182,-10.61171507,-12.95563459,-13.48428117
12.14,-10.24315424,-10.58385142,-12.94204602,-13.47051231
12.15,-10.22072454,-10.55629365,-12.92836888,-13.45657511
12.16,-10.1986116,-10.52904528,-12.91461282,-13.44247625
12.17,-10.17681413,-10.50210947,-12.90078707,-13.42822221
12.18,-10.15533063,-10.47548906,-12.88690045,-13.41381933
12.19,-10.13415947,-10.44918657,-12.8729614,-13.39927378
12.2,-10.11329885,-10.42320422,-12.85897796,-13.38459158
12.21,-10.09274681,-10.39754391,-12.84495784,-13.36977861
12.22,-10.07250126,-10.37220727,-12.83090835,-13.35484057
12.23,-10.05255999,-10.34719565,-12.8168365,-13.33978306
12.24,-10.03292066,-10.32251013,-12.80274893,-13.3246115
12.25,-10.01358081,-10.29815153,-12.78865199,-13.30933121
12.26,-9.994537879,-10.27412044,-12.77455171,-13.29394736
12.27,-9.975789219,-10.2504172,-12.76045382,-13.278465
12.28,-9.957332083,-10.22704191,-12.74636376,-13.26288906
12.29,-9.939163642,-10.20399449,-12.73228672,-13.24722435
12.3,-9.921280995,-10.18127461,-12.7182276,-13.23147557
12.31,-9.903681169,-10.15888178,-12.70419104,-13.21564729
12.32,-9.886361131,-10.13681529,-12.69018146,-13.19974399
12.33,-9.869317789,-10.11507428,-12.67620303,-13.18377006
12.34,-9.852548003,-10.09365768,-12.66225969,-13.16772974
12.35,-9.836048587,-10.07256429,-12.64835517,-13.15162723
12.36,-9.819816315,-10.05179275,-12.63449298,-13.1354666
12.37,-9.803847926,-10.03134155,-12.62067644,-13.11925184
12.38,-9.78814013,-10.01120902,-12.60690868,-13.10298685
12.39,-9.772689613,-9.991393401,-12.59319264,-13.08667544
12.4,-9.757493038,-9.971892779,-12.57953108,-13.07032135
12.41,-9.742547054,-9.952705134,-12.56592661,-13.05392821
12.42,-9.727848295,-9.933828339,-12.55238164,-13.03749961
12.43,-9.713393388,-9.915260161,-12.53889846,-13.02103905
12.44,-9.699178954,-9.896998274,-12.52547921,-13.00454994
12.45,-9.685201612,-9.879040261,-12.51212586,-12.98803563
12.46,-9.671457982,-9.861383624,-12.49884027,-12.97149942
12.47,-9.657944689,-9.844025787,-12.48562417,-12.95494451
12.48,-9.644658366,-9.826964101,-12.47247916,-12.93837406
12.49,-9.631595653,-9.810195855,-12.45940671,-12.92179115
12.5,-9.618753204,-9.793718273,-12.44640819,-12.90519881
12.51,-9.606127687,-9.777528527,-12.43348487,-12.88859999
12.52,-9.593715787,-9.761623739,-12.4206379,-12.87199761
12.53,-9.581514209,-9.746000982,-12.40786834,-12.85539451
12.54,-9.569519675,-9.730657291,-12.39517716,-12.83879348
12.55,-9.557728934,-9.715589662,-12.38256524,-12.82219726
12.56,-9.546138755,-9.700795062,-12.37003337,-12.80560854
12.57,-9.534745935,-9.686270424,-12.35758226,-12.78902993
12.58,-9.523547297,-9.672012662,-12.34521254,-12.77246401
12.59,-9.512539693,-9.658018664,-12.33292479,-12.75591332
12.6,-9.501720003,-9.644285303,-12.32071949,-12.73938032
12.61,-9.49108514,-9.630809437,-12.30859707,-12.72286744
12.62,-9.480632046,-9.617587913,-12.29655789,-12.70637707
12.63,-9.470357698,-9.60461757,-12.28460226,-12.68991153
12.64,-9.460259102,-9.59189524,-12.27273044,-12.67347309
12.65,-9.450333303,-9.579417755,-12.26094261,-12.65706401
12.66,-9.440577377,-9.567181946,-12.24923891,-12.64068646
12.67,-9.430988438,-9.555184644,-12.23761946,-12.6243426
12.68,-9.421563632,-9.543422689,-12.22608429,-12.60803451
12.69,-9.412300145,-9.531892923,-12.21463342,-12.59176425
12.7,-9.403195198,-9.520592202,-12.20326681,-12.57553383
12.71,-9.394246048,-9.509517388,-12.19198439,-12.55934521
12.72,-9.38544999,-9.498665359,-12.18078606,-12.54320032
12.73,-9.376804356,-9.488033006,-12.16967167,-12.52710102
12.74,-9.368306516,-9.477617237,-12.15864105,-12.51104915
12.75,-9.359953877,-9.467414975,-12.147694,-12.4950465
12.76,-9.351743884,-9.457423166,-12.13683028,-12.47909482
12.77,-9.34367402,-9.447638771,-12.12604963,-12.4631958
12.78,-9.335741804,-9.438058777,-12.11535177,-12.44735111
12.79,-9.327944795,-9.428680192,-12.10473639,-12.43156237
12.8,-9.320280587,-9.419500047,-12.09420315,-12.41583114
12.81,-9.312746814,-9.410515398,-12.08375172,-12.40015896
12.82,-9.305341146,-9.401723326,-12.0733817,-12.38454733
12.83,-9.29806129,-9.39312094,-12.06309272,-12.36899768
12.84,-9.290904989,-9.384705375,-12.05288437,-12.35351143
12.85,-9.283870025,-9.376473793,-12.04275622,-12.33808993
12.86,-9.276954215,-9.368423385,-12.03270784,-12.32273451
12.87,-9.270155411,-9.360551372,-12.02273878,-12.30744645
12.88,-9.263471504,-9.352855003,-12.01284856,-12.29222699
12.89,-9.256900417,-9.345331558,-12.00303672,-12.27707733
12.9,-9.250440111,-9.337978348,-11.99330277,-12.26199861
12.91,-9.244088581,-9.330792712,-11.98364622,-12.24699196
12.92,-9.237843856,-9.323772023,-11.97406655,-12.23205846
12.93,-9.231703999,-9.316913684,-11.96456326,-12.21719912
12.94,-9.225667109,-9.310215129,-11.95513582,-12.20241496
12.95,-9.219731316,-9.303673825,-11.9457837,-12.18770691
12.96,-9.213894785,-9.297287269,-11.93650638,-12.1730759
12.97,-9.208155711,-9.291052993,-11.9273033,-12.15852279
12.98,-9.202512324,-9.284968558,-11.91817393,-12.14404842
12.99,-9.196962885,-9.279031558,-11.90911771,-12.12965359
13,-9.191505686,-9.273239621,-11.9001341,-12.11533905
13.01,-9.18613905,-9.267590404,-11.89122253,-12.10110552
13.02,-9.180861331,-9.262081598,-11.88238244,-12.08695367
13.03,-9.175670914,-9.256710925,-11.87361328,-12.07288415
13.04,-9.170566212,-9.25147614,-11.86491449,-12.05889756
13.05,-9.165545668,-9.246375029,-11.85628548,-12.04499447
13.06,-9.160607755,-9.24140541,-11.84772571,-12.0311754
13.07,-9.155750972,-9.236565132,-11.8392346,-12.01744086
13.08,-9.150973849,-9.231852076,-11.83081158,-12.0037913
13.09,-9.146274942,-9.227264153,-11.82245609,-11.99022714
13.1,-9.141652833,-9.222799307,-11.81416756,-11.97674878
13.11,-9.137106133,-9.218455511,-11.80594542,-11.96335655
13.12,-9.132633479,-9.214230768,-11.79778911,-11.9500508
13.13,-9.128233532,-9.210123113,-11.78969806,-11.93683179
13.14,-9.12390498,-9.20613061,-11.78167171,-11.92369979
13.15,-9.119646536,-9.202251353,-11.7737095,-11.91065501
13.16,-9.115456937,-9.198483466,-11.76581086,-11.89769765
13.17,-9.111334945,-9.1948251,-11.75797524,-11.88482788
13.18,-9.107279345,-9.191274438,-11.75020209,-11.8720458
13.19,-9.103288946,-9.187829689,-11.74249084,-11.85935153
13.2,-9.09936258,-9.184489092,-11.73484095,-11.84674514
13.21,-9.0954991,-9.181250913,-11.72725186,-11.83422667
13.22,-9.091697383,-9.178113445,-11.71972304,-11.82179613
13.23,-9.087956328,-9.175075011,-11.71225394,-11.8094535
13.24,-9.084274855,-9.172133958,-11.70484402,-11.79719876
13.25,-9.080651903,-9.169288662,-11.69749275,-11.78503182
13.26,-9.077086434,-9.166537524,-11.69019958,-11.77295261
13.27,-9.07357743,-9.16387897,-11.68296399,-11.76096101
13.28,-9.070123892,-9.161311455,-11.67578546,-11.74905687
13.29,-9.066724842,-9.158833457,-11.66866346,-11.73724004
13.3,-9.063379318,-9.156443479,-11.66159748,-11.72551034
13.31,-9.060086381,-9.154140048,-11.65458699,-11.71386754
13.32,-9.056845108,-9.151921719,-11.64763148,-11.70231143
13.33,-9.053654594,-9.149787066,-11.64073045,-11.69084176
13.34,-9.050513952,-9.147734691,-11.6338834,-11.67945826
13.35,-9.047422314,-9.145763216,-11.62708982,-11.66816065
13.36,-9.044378827,-9.143871288,-11.62034922,-11.65694861
13.37,-9.041382655,-9.142057576,-11.61366111,-11.64582183
13.38,-9.038432981,-9.140320772,-11.60702499,-11.63477996
13.39,-9.035529001,-9.138659588,-11.60044039,-11.62382265
13.4,-9.032669928,-9.13707276,-11.59390683,-11.61294953
13.41,-9.029854991,-9.135559045,-11.58742382,-11.60216021
13.42,-9.027083433,-9.134117219,-11.58099091,-11.59145429
13.43,-9.024354515,-9.13274608,-11.57460761,-11.58083135
13.44,-9.021667508,-9.131444448,-11.56827348,-11.57029097
13.45,-9.019021701,-9.13021116,-11.56198805,-11.5598327
13.46,-9.016416395,-9.129045074,-11.55575086,-11.54945609
13.47,-9.013850907,-9.127945068,-11.54956146,-11.53916068
13.48,-9.011324565,-9.126910039,-11.54341942,-11.528946
13.49,-9.008836712,-9.125938901,-11.53732429,-11.51881155
13.5,-9.006386704,-9.12503059,-11.53127562,-11.50875685
13.51,-9.003973908,-9.124184056,-11.52527299,-11.49878138
13.52,-9.001597705,-9.12339827,-11.51931597,-11.48888465
13.53,-8.999257489,-9.122672219,-11.51340414,-11.47906613
13.54,-8.996952665,-9.122004907,-11.50753706,-11.46932529
13.55,-8.994682648,-9.121395358,-11.50171433,-11.4596616
13.56,-8.992446868,-9.120842608,-11.49593553,-11.45007452
13.57,-8.990244763,-9.120345714,-11.49020025,-11.44056351
13.58,-8.988075785,-9.119903745,-11.4845081,-11.43112801
13.59,-8.985939395,-9.119515789,-11.47885866,-11.42176748
13.6,-8.983835065,-9.119180949,-11.47325154,-11.41248134
13.61,-8.981762278,-9.118898342,-11.46768636,-11.40326904
13.62,-8.979720526,-9.118667102,-11.46216271,-11.39413001
13.63,-8.977709313,-9.118486375,-11.45668022,-11.38506367
13.64,-8.975728151,-9.118355326,-11.45123851,-11.37606947
13.65,-8.973776561,-9.118273129,-11.4458372,-11.36714682
13.66,-8.971854076,-9.118238976,-11.44047592,-11.35829514
13.67,-8.969960237,-9.118252071,-11.4351543,-11.34951386
13.68,-8.968094593,-9.118311633,-11.42987197,-11.34080239
13.69,-8.966256703,-9.118416893,-11.42462857,-11.33216017
13.7,-8.964446134,-9.118567095,-11.41942375,-11.3235866
13.71,-8.962662463,-9.118761497,-11.41425715,-11.31508111
13.72,-8.960905274,-9.11899937,-11.40912842,-11.30664312
13.73,-8.959174159,-9.119279995,-11.40403722,-11.29827205
13.74,-8.957468718,-9.119602667,-11.3989832,-11.28996732
13.75,-8.95578856,-9.119966694,-11.39396603,-11.28172835
13.76,-8.954133301,-9.120371393,-11.38898536,-11.27355457
13.77,-8.952502564,-9.120816095,-11.38404088,-11.2654454
13.78,-8.95089598,-9.121300141,-11.37913224,-11.25740027
13.79,-8.949313187,-9.121822884,-11.37425913,-11.24941861
13.8,-8.947753829,-9.122383688,-11.36942122,-11.24149986
13.81,-8.94621756,-9.122981926,-11.36461819,-11.23364344
13.82,-8.944704038,-9.123616984,-11.35984974,-11.22584879
13.83,-8.943212929,-9.124288257,-11.35511555,-11.21811536
13.84,-8.941743904,-9.124995151,-11.35041531,-11.21044259
13.85,-8.940296641,-9.12573708,-11.34574871,-11.20282992
13.86,-8.938870826,-9.126513472,-11.34111547,-11.19527681
13.87,-8.93746615,-9.12732376,-11.33651527,-11.18778271
13.88,-8.936082308,-9.12816739,-11.33194783,-11.18034708
13.89,-8.934719004,-9.129043814,-11.32741285,-11.17296938
13.9,-8.933375946,-9.129952497,-11.32291004,-11.16564907
13.91,-8.932052848,-9.13089291,-11.31843912,-11.15838564
13.92,-8.93074943,-9.131864534,-11.31399981,-11.15117854
13.93,-8.929465416,-9.132866859,-11.30959183,-11.14402727
13.94,-8.928200538,-9.133899382,-11.30521489,-11.1369313
13.95,-8.92695453,-9.134961611,-11.30086874,-11.12989012
13.96,-8.925727133,-9.13605306,-11.29655309,-11.12290323
13.97,-8.924518093,-9.137173251,-11.29226768,-11.11597012
13.98,-8.92332716,-9.138321715,-11.28801224,-11.1090903
13.99,-8.92215409,-9.139497991,-11.28378652,-11.10226327
14,-8.920998643,-9.140701625,-11.27959026,-11.09548855
