Freq [GHz],S12_Simulated,S12_Measured,S13_Simulated,S13_Measured,S14_Simulated,S14_Measured
1,-30.22987,-31.18391,-32.29528,-27.41267,-31.63476,-29.76706
1.01,-30.15974,-31.18336,-32.17401,-27.37384,-31.63626,-29.76293
1.02,-30.09015,-31.18336,-32.05298,-27.33555,-31.63927,-29.75946
1.03,-30.02109,-31.18391,-31.93221,-27.29781,-31.64377,-29.75664
1.04,-29.95256,-31.18498,-31.8117,-27.26059,-31.64974,-29.75445
1.05,-29.88458,-31.18656,-31.69144,-27.22388,-31.65717,-29.75289
1.06,-29.81713,-31.18863,-31.57144,-27.18768,-31.66604,-29.75193
1.07,-29.75023,-31.19117,-31.4517,-27.15197,-31.67633,-29.75158
1.08,-29.68388,-31.19418,-31.33222,-27.11674,-31.68803,-29.75183
1.09,-29.61808,-31.19762,-31.21301,-27.08198,-31.70112,-29.75265
1.1,-29.55283,-31.20149,-31.09405,-27.04768,-31.71559,-29.75404
1.11,-29.48813,-31.20576,-30.97537,-27.01383,-31.7314,-29.75599
1.12,-29.42398,-31.21043,-30.85695,-26.98041,-31.74856,-29.7585
1.13,-29.36039,-31.21548,-30.73879,-26.94743,-31.76702,-29.76154
1.14,-29.29736,-31.22088,-30.62091,-26.91486,-31.78678,-29.76512
1.15,-29.23489,-31.22664,-30.5033,-26.8827,-31.80781,-29.76922
1.16,-29.17297,-31.23272,-30.38596,-26.85093,-31.83009,-29.77383
1.17,-29.11161,-31.23912,-30.26889,-26.81956,-31.85359,-29.77895
1.18,-29.05082,-31.24582,-30.1521,-26.78857,-31.87829,-29.78456
1.19,-28.99058,-31.25281,-30.03559,-26.75795,-31.90415,-29.79066
1.2,-28.93091,-31.26007,-29.91936,-26.72769,-31.93115,-29.79724
1.21,-28.8718,-31.26759,-29.8034,-26.69778,-31.95927,-29.80428
1.22,-28.81325,-31.27535,-29.68773,-26.66821,-31.98845,-29.8118
1.23,-28.75526,-31.28336,-29.57234,-26.63898,-32.01868,-29.81976
1.24,-28.69784,-31.29158,-29.45724,-26.61008,-32.04991,-29.82817
1.25,-28.64097,-31.30001,-29.34242,-26.5815,-32.08211,-29.83702
1.26,-28.58467,-31.30863,-29.22789,-26.55323,-32.11522,-29.8463
1.27,-28.52893,-31.31745,-29.11366,-26.52526,-32.14922,-29.85601
1.28,-28.47375,-31.32643,-28.99971,-26.49758,-32.18404,-29.86613
1.29,-28.41913,-31.33558,-28.88606,-26.47019,-32.21965,-29.87666
1.3,-28.36508,-31.34487,-28.77271,-26.44308,-32.25598,-29.88759
1.31,-28.31158,-31.35431,-28.65966,-26.41624,-32.29297,-29.89892
1.32,-28.25864,-31.36388,-28.5469,-26.38967,-32.33058,-29.91064
1.33,-28.20626,-31.37357,-28.43445,-26.36336,-32.36872,-29.92274
1.34,-28.15444,-31.38336,-28.32231,-26.33729,-32.40734,-29.93522
1.35,-28.10318,-31.39326,-28.21047,-26.31147,-32.44635,-29.94806
1.36,-28.05248,-31.40325,-28.09894,-26.28589,-32.48568,-29.96127
1.37,-28.00233,-31.41331,-27.98772,-26.26053,-32.52524,-29.97484
1.38,-27.95274,-31.42345,-27.87682,-26.2354,-32.56495,-29.98875
1.39,-27.9037,-31.43365,-27.76624,-26.21048,-32.60472,-30.00301
1.4,-27.85522,-31.44391,-27.65598,-26.18578,-32.64443,-30.01761
1.41,-27.80729,-31.45421,-27.54604,-26.16128,-32.68399,-30.03255
1.42,-27.75992,-31.46455,-27.43642,-26.13698,-32.72328,-30.04781
1.43,-27.7131,-31.47491,-27.32714,-26.11286,-32.7622,-30.06339
1.44,-27.66684,-31.4853,-27.21818,-26.08894,-32.8006,-30.07929
1.45,-27.62112,-31.49569,-27.10956,-26.06519,-32.83837,-30.0955
1.46,-27.57596,-31.50609,-27.00128,-26.04162,-32.87536,-30.11202
1.47,-27.53134,-31.51649,-26.89334,-26.01822,-32.91143,-30.12884
1.48,-27.48728,-31.52688,-26.78574,-25.99498,-32.94644,-30.14595
1.49,-27.44376,-31.53724,-26.67849,-25.97189,-32.98023,-30.16335
1.5,-27.4008,-31.54759,-26.57159,-25.94896,-33.01263,-30.18104
1.51,-27.35838,-31.55789,-26.46505,-25.92617,-33.04348,-30.19901
1.52,-27.31651,-31.56816,-26.35886,-25.90353,-33.0726,-30.21726
1.53,-27.27519,-31.57838,-26.25303,-25.88102,-33.09982,-30.23577
1.54,-27.23442,-31.58854,-26.14757,-25.85864,-33.12496,-30.25455
1.55,-27.19419,-31.59864,-26.04248,-25.83639,-33.14783,-30.27359
1.56,-27.15451,-31.60867,-25.93777,-25.81426,-33.16824,-30.29289
1.57,-27.11537,-31.61863,-25.83343,-25.79224,-33.186,-30.31244
1.58,-27.07678,-31.6285,-25.72947,-25.77033,-33.20092,-30.33224
1.59,-27.03874,-31.63829,-25.62589,-25.74853,-33.21281,-30.35228
1.6,-27.00124,-31.64797,-25.52271,-25.72683,-33.22147,-30.37256
1.61,-26.96428,-31.65756,-25.41992,-25.70523,-33.22673,-30.39307
1.62,-26.92788,-31.66703,-25.31753,-25.68372,-33.22839,-30.41381
1.63,-26.89201,-31.67639,-25.21554,-25.6623,-33.22628,-30.43478
1.64,-26.85669,-31.68563,-25.11396,-25.64096,-33.22022,-30.45597
1.65,-26.82192,-31.69473,-25.01279,-25.61969,-33.21006,-30.47737
1.66,-26.78769,-31.7037,-24.91204,-25.59851,-33.19564,-30.49899
1.67,-26.75401,-31.71253,-24.81171,-25.57739,-33.17682,-30.52082
1.68,-26.72088,-31.72121,-24.71181,-25.55633,-33.15347,-30.54285
1.69,-26.68829,-31.72974,-24.61234,-25.53534,-33.12548,-30.56507
1.7,-26.65624,-31.7381,-24.51331,-25.51441,-33.09274,-30.5875
1.71,-26.62475,-31.7463,-24.41473,-25.49353,-33.05518,-30.61011
1.72,-26.5938,-31.75432,-24.31659,-25.47269,-33.01274,-30.63292
1.73,-26.5634,-31.76216,-24.2189,-25.4519,-32.96535,-30.6559
1.74,-26.53355,-31.76982,-24.12168,-25.43116,-32.91301,-30.67906
1.75,-26.50424,-31.77728,-24.02492,-25.41045,-32.8557,-30.7024
1.76,-26.47549,-31.78454,-23.92863,-25.38977,-32.79343,-30.72591
1.77,-26.44729,-31.7916,-23.83282,-25.36912,-32.72624,-30.74958
1.78,-26.41963,-31.79844,-23.73749,-25.34849,-32.65417,-30.77342
1.79,-26.39253,-31.80507,-23.64265,-25.32789,-32.57729,-30.79741
1.8,-26.36599,-31.81147,-23.54831,-25.3073,-32.49569,-30.82156
1.81,-26.33999,-31.81763,-23.45447,-25.28673,-32.40947,-30.84585
1.82,-26.31455,-31.82356,-23.36114,-25.26617,-32.31874,-30.87029
1.83,-26.28967,-31.82925,-23.26832,-25.24561,-32.22365,-30.89487
1.84,-26.26534,-31.83468,-23.17602,-25.22506,-32.12433,-30.91959
1.85,-26.24157,-31.83986,-23.08425,-25.2045,-32.02095,-30.94443
1.86,-26.21836,-31.84477,-22.99302,-25.18394,-31.91366,-30.96941
1.87,-26.19571,-31.84941,-22.90232,-25.16337,-31.80264,-30.9945
1.88,-26.17362,-31.85377,-22.81218,-25.14279,-31.68808,-31.01971
1.89,-26.1521,-31.85785,-22.72259,-25.12219,-31.57016,-31.04504
1.9,-26.13113,-31.86164,-22.63357,-25.10158,-31.44907,-31.07047
1.91,-26.11074,-31.86513,-22.54511,-25.08094,-31.325,-31.096
1.92,-26.0909,-31.86832,-22.45723,-25.06027,-31.19814,-31.12163
1.93,-26.07164,-31.8712,-22.36994,-25.03958,-31.0687,-31.14736
1.94,-26.05294,-31.87376,-22.28324,-25.01885,-30.93687,-31.17317
1.95,-26.03481,-31.87599,-22.19713,-24.99809,-30.80282,-31.19906
1.96,-26.01725,-31.8779,-22.11164,-24.97729,-30.66676,-31.22504
1.97,-26.00027,-31.87946,-22.02676,-24.95644,-30.52887,-31.25108
1.98,-25.98385,-31.88069,-21.9425,-24.93554,-30.38932,-31.27718
1.99,-25.96801,-31.88156,-21.85887,-24.9146,-30.24829,-31.30335
2,-25.95275,-31.88207,-21.77588,-24.8936,-30.10595,-31.32957
2.01,-25.93806,-31.88221,-21.69353,-24.87255,-29.96246,-31.35584
2.02,-25.92395,-31.88199,-21.61184,-24.85143,-29.81798,-31.38215
2.03,-25.91041,-31.88138,-21.53081,-24.83025,-29.67265,-31.40849
2.04,-25.89746,-31.88038,-21.45045,-24.809,-29.52663,-31.43487
2.05,-25.88508,-31.879,-21.37076,-24.78769,-29.38005,-31.46126
2.06,-25.87328,-31.87721,-21.29177,-24.7663,-29.23304,-31.48767
2.07,-25.86206,-31.87501,-21.21346,-24.74483,-29.08573,-31.51408
2.08,-25.85142,-31.8724,-21.13585,-24.72328,-28.93822,-31.5405
2.09,-25.84136,-31.86936,-21.05896,-24.70165,-28.79065,-31.56691
2.1,-25.83187,-31.86589,-20.98278,-24.67993,-28.6431,-31.5933
2.11,-25.82297,-31.86199,-20.90732,-24.65812,-28.49568,-31.61967
2.12,-25.81465,-31.85763,-20.8326,-24.63621,-28.34849,-31.646
2.13,-25.8069,-31.85283,-20.75861,-24.61421,-28.20161,-31.6723
2.14,-25.79973,-31.84757,-20.68538,-24.5921,-28.05512,-31.69854
2.15,-25.79314,-31.84183,-20.6129,-24.5699,-27.90911,-31.72473
2.16,-25.78712,-31.83563,-20.54118,-24.54758,-27.76364,-31.75085
2.17,-25.78167,-31.82894,-20.47023,-24.52516,-27.61878,-31.77688
2.18,-25.7768,-31.82175,-20.40006,-24.50262,-27.47459,-31.80283
2.19,-25.77249,-31.81407,-20.33068,-24.47996,-27.33114,-31.82869
2.2,-25.76875,-31.80589,-20.26208,-24.45718,-27.18849,-31.85443
2.21,-25.76556,-31.79719,-20.19429,-24.43428,-27.04667,-31.88005
2.22,-25.76294,-31.78796,-20.1273,-24.41125,-26.90574,-31.90553
2.23,-25.76087,-31.77821,-20.06113,-24.38808,-26.76574,-31.93088
2.24,-25.75935,-31.76792,-19.99577,-24.36478,-26.62672,-31.95606
2.25,-25.75837,-31.75708,-19.93124,-24.34135,-26.4887,-31.98108
2.26,-25.75794,-31.74569,-19.86754,-24.31777,-26.35173,-32.00591
2.27,-25.75804,-31.73374,-19.80468,-24.29405,-26.21585,-32.03054
2.28,-25.75866,-31.72122,-19.74266,-24.27017,-26.08106,-32.05496
2.29,-25.7598,-31.70812,-19.6815,-24.24615,-25.94742,-32.07916
2.3,-25.76146,-31.69444,-19.62118,-24.22197,-25.81493,-32.10311
2.31,-25.76362,-31.68016,-19.56173,-24.19763,-25.68362,-32.12681
2.32,-25.76628,-31.66528,-19.50314,-24.17312,-25.55352,-32.15023
2.33,-25.76942,-31.64979,-19.44543,-24.14845,-25.42463,-32.17336
2.34,-25.77303,-31.63368,-19.38858,-24.12361,-25.29699,-32.19618
2.35,-25.77712,-31.61694,-19.33262,-24.0986,-25.17059,-32.21867
2.36,-25.78165,-31.59957,-19.27753,-24.0734,-25.04547,-32.24082
2.37,-25.78662,-31.58155,-19.22334,-24.04803,-24.92162,-32.26261
2.38,-25.79202,-31.56288,-19.17003,-24.02247,-24.79906,-32.28401
2.39,-25.79783,-31.54356,-19.11761,-23.99672,-24.6778,-32.305
2.4,-25.80404,-31.52356,-19.06609,-23.97077,-24.55784,-32.32557
2.41,-25.81064,-31.50289,-19.01547,-23.94463,-24.43919,-32.34569
2.42,-25.81759,-31.48153,-18.96575,-23.91829,-24.32187,-32.36533
2.43,-25.8249,-31.45948,-18.91693,-23.89174,-24.20586,-32.38449
2.44,-25.83253,-31.43672,-18.86901,-23.86499,-24.09118,-32.40312
2.45,-25.84047,-31.41326,-18.822,-23.83802,-23.97783,-32.42121
2.46,-25.8487,-31.38908,-18.77589,-23.81084,-23.8658,-32.43872
2.47,-25.8572,-31.36416,-18.73069,-23.78343,-23.7551,-32.45564
2.48,-25.86594,-31.33852,-18.68639,-23.7558,-23.64573,-32.47194
2.49,-25.8749,-31.31212,-18.643,-23.72794,-23.53769,-32.48758
2.5,-25.88406,-31.28498,-18.60052,-23.69984,-23.43097,-32.50254
2.51,-25.89339,-31.25707,-18.55895,-23.67151,-23.32558,-32.51679
2.52,-25.90287,-31.22839,-18.51828,-23.64294,-23.2215,-32.5303
2.53,-25.91246,-31.19894,-18.47851,-23.61412,-23.11873,-32.54304
2.54,-25.92214,-31.16869,-18.43964,-23.58505,-23.01728,-32.55497
2.55,-25.93189,-31.13765,-18.40167,-23.55572,-22.91712,-32.56606
2.56,-25.94166,-31.10581,-18.3646,-23.52613,-22.81827,-32.57628
2.57,-25.95143,-31.07315,-18.32843,-23.49628,-22.7207,-32.58559
2.58,-25.96117,-31.03967,-18.29315,-23.46616,-22.62442,-32.59396
2.59,-25.97084,-31.00535,-18.25875,-23.43577,-22.52942,-32.60135
2.6,-25.98041,-30.9702,-18.22524,-23.4051,-22.43568,-32.60772
2.61,-25.98985,-30.9342,-18.19262,-23.37414,-22.34319,-32.61304
2.62,-25.99911,-30.89735,-18.16087,-23.3429,-22.25196,-32.61726
2.63,-26.00817,-30.85963,-18.12999,-23.31136,-22.16196,-32.62036
2.64,-26.01699,-30.82103,-18.09999,-23.27952,-22.0732,-32.62228
2.65,-26.02552,-30.78155,-18.07085,-23.24738,-21.98565,-32.62299
2.66,-26.03374,-30.74118,-18.04257,-23.21494,-21.89931,-32.62244
2.67,-26.0416,-30.69991,-18.01514,-23.18218,-21.81417,-32.6206
2.68,-26.04907,-30.65773,-17.98856,-23.1491,-21.73021,-32.61742
2.69,-26.0561,-30.61463,-17.96282,-23.11569,-21.64742,-32.61286
2.7,-26.06266,-30.57061,-17.93792,-23.08196,-21.5658,-32.60687
2.71,-26.0687,-30.52565,-17.91386,-23.04789,-21.48532,-32.59942
2.72,-26.0742,-30.47974,-17.89061,-23.01348,-21.40597,-32.59045
2.73,-26.0791,-30.43288,-17.86819,-22.97873,-21.32775,-32.57993
2.74,-26.08337,-30.38506,-17.84658,-22.94362,-21.25064,-32.5678
2.75,-26.08697,-30.33627,-17.82577,-22.90815,-21.17462,-32.55403
2.76,-26.08987,-30.2865,-17.80576,-22.87232,-21.09969,-32.53857
2.77,-26.09201,-30.23574,-17.78655,-22.83612,-21.02582,-32.52137
2.78,-26.09338,-30.18398,-17.76812,-22.79954,-20.95301,-32.50239
2.79,-26.09392,-30.13122,-17.75046,-22.76258,-20.88123,-32.48159
2.8,-26.09361,-30.07744,-17.73358,-22.72523,-20.81049,-32.45892
2.81,-26.09241,-30.02264,-17.71746,-22.68749,-20.74075,-32.43434
2.82,-26.09028,-29.9668,-17.70209,-22.64934,-20.67201,-32.4078
2.83,-26.0872,-29.90991,-17.68748,-22.61079,-20.60425,-32.37927
2.84,-26.08312,-29.85198,-17.6736,-22.57182,-20.53746,-32.3487
2.85,-26.07803,-29.79299,-17.66046,-22.53242,-20.47163,-32.31605
2.86,-26.07189,-29.73292,-17.64804,-22.4926,-20.40673,-32.28128
2.87,-26.06467,-29.67177,-17.63635,-22.45234,-20.34275,-32.24436
2.88,-26.05635,-29.60954,-17.62536,-22.41163,-20.27969,-32.20523
2.89,-26.0469,-29.5462,-17.61508,-22.37047,-20.21752,-32.16388
2.9,-26.0363,-29.48176,-17.60549,-22.32886,-20.15622,-32.12025
2.91,-26.02454,-29.41619,-17.5966,-22.28678,-20.0958,-32.07432
2.92,-26.01159,-29.3495,-17.58838,-22.24422,-20.03622,-32.02606
2.93,-25.99743,-29.28168,-17.58084,-22.20118,-19.97748,-31.97542
2.94,-25.98206,-29.2127,-17.57397,-22.15765,-19.91956,-31.9224
2.95,-25.96545,-29.14257,-17.56775,-22.11361,-19.86244,-31.86694
2.96,-25.9476,-29.07126,-17.56219,-22.06907,-19.80612,-31.80904
2.97,-25.92851,-28.99878,-17.55728,-22.02402,-19.75058,-31.74866
2.98,-25.90815,-28.92512,-17.55301,-21.97844,-19.6958,-31.68579
2.99,-25.88653,-28.85025,-17.54937,-21.93232,-19.64177,-31.6204
3,-25.86365,-28.77417,-17.54635,-21.88566,-19.58848,-31.55247
3.01,-25.83951,-28.69687,-17.54396,-21.83845,-19.53592,-31.48198
3.02,-25.8141,-28.61834,-17.54218,-21.79067,-19.48406,-31.40893
3.03,-25.78743,-28.53857,-17.54102,-21.74232,-19.43289,-31.3333
3.04,-25.75951,-28.45755,-17.54045,-21.69339,-19.38241,-31.25507
3.05,-25.73035,-28.37526,-17.54048,-21.64387,-19.3326,-31.17424
3.06,-25.69995,-28.29169,-17.5411,-21.59374,-19.28345,-31.09081
3.07,-25.66832,-28.20684,-17.54231,-21.543,-19.23494,-31.00475
3.08,-25.63548,-28.12069,-17.5441,-21.49164,-19.18707,-30.91609
3.09,-25.60144,-28.03322,-17.54646,-21.43963,-19.13981,-30.8248
3.1,-25.56621,-27.94443,-17.5494,-21.38699,-19.09316,-30.73089
3.11,-25.52982,-27.8543,-17.5529,-21.33368,-19.04711,-30.63436
3.12,-25.49228,-27.76282,-17.55696,-21.2797,-19.00164,-30.53523
3.13,-25.45362,-27.66997,-17.56159,-21.22504,-18.95675,-30.43348
3.14,-25.41385,-27.57575,-17.56677,-21.16969,-18.91242,-30.32912
3.15,-25.37299,-27.48014,-17.57249,-21.11363,-18.86864,-30.22218
3.16,-25.33108,-27.38313,-17.57877,-21.05685,-18.8254,-30.11264
3.17,-25.28812,-27.28469,-17.58559,-20.99933,-18.78269,-30.00053
3.18,-25.24415,-27.18483,-17.59296,-20.94107,-18.7405,-29.88586
3.19,-25.1992,-27.08351,-17.60086,-20.88204,-18.69882,-29.76863
3.2,-25.15329,-26.98073,-17.6093,-20.82224,-18.65765,-29.64886
3.21,-25.10644,-26.87647,-17.61827,-20.76166,-18.61696,-29.52656
3.22,-25.05868,-26.77072,-17.62778,-20.70026,-18.57676,-29.40175
3.23,-25.01004,-26.66346,-17.63782,-20.63805,-18.53703,-29.27443
3.24,-24.96056,-26.55466,-17.64839,-20.575,-18.49776,-29.14464
3.25,-24.91024,-26.44433,-17.65948,-20.51111,-18.45896,-29.01238
3.26,-24.85914,-26.33243,-17.67111,-20.44635,-18.4206,-28.87766
3.27,-24.80726,-26.21895,-17.68326,-20.3807,-18.38268,-28.74051
3.28,-24.75465,-26.10387,-17.69594,-20.31415,-18.3452,-28.60093
3.29,-24.70132,-25.98717,-17.70914,-20.24669,-18.30814,-28.45895
3.3,-24.64731,-25.86884,-17.72287,-20.17829,-18.2715,-28.31457
3.31,-24.59265,-25.74885,-17.73713,-20.10894,-18.23527,-28.16782
3.32,-24.53736,-25.62719,-17.75192,-20.03862,-18.19945,-28.0187
3.33,-24.48148,-25.50382,-17.76724,-19.96731,-18.16403,-27.86723
3.34,-24.42502,-25.37875,-17.78309,-19.89499,-18.12901,-27.71342
3.35,-24.36801,-25.25193,-17.79947,-19.82164,-18.09437,-27.55729
3.36,-24.31049,-25.12335,-17.81639,-19.74725,-18.06011,-27.39885
3.37,-24.25247,-24.99298,-17.83384,-19.67178,-18.02624,-27.2381
3.38,-24.19399,-24.86081,-17.85184,-19.59523,-17.99273,-27.07506
3.39,-24.13507,-24.72681,-17.87037,-19.51756,-17.9596,-26.90974
3.4,-24.07574,-24.59095,-17.88945,-19.43877,-17.92682,-26.74214
3.41,-24.01601,-24.45321,-17.90908,-19.35882,-17.89441,-26.57227
3.42,-23.95592,-24.31357,-17.92926,-19.27769,-17.86235,-26.40014
3.43,-23.89548,-24.172,-17.95,-19.19536,-17.83064,-26.22575
3.44,-23.83473,-24.02847,-17.97129,-19.11182,-17.79929,-26.0491
3.45,-23.77368,-23.88296,-17.99315,-19.02703,-17.76827,-25.8702
3.46,-23.71235,-23.73543,-18.01559,-18.94097,-17.7376,-25.68905
3.47,-23.65077,-23.58587,-18.03859,-18.85361,-17.70727,-25.50565
3.48,-23.58897,-23.43425,-18.06218,-18.76494,-17.67728,-25.31999
3.49,-23.52695,-23.28053,-18.08635,-18.67494,-17.64762,-25.13209
3.5,-23.46475,-23.12469,-18.11111,-18.58356,-17.61829,-24.94192
3.51,-23.40237,-22.96669,-18.13648,-18.4908,-17.58929,-24.74949
3.52,-23.33985,-22.80652,-18.16244,-18.39663,-17.56063,-24.5548
3.53,-23.2772,-22.64414,-18.18902,-18.30102,-17.53228,-24.35784
3.54,-23.21443,-22.47952,-18.21621,-18.20395,-17.50427,-24.15859
3.55,-23.15158,-22.31264,-18.24404,-18.10539,-17.47658,-23.95707
3.56,-23.08865,-22.14346,-18.27249,-18.00533,-17.44921,-23.75325
3.57,-23.02566,-21.97196,-18.30159,-17.90374,-17.42217,-23.54713
3.58,-22.96264,-21.79811,-18.33134,-17.8006,-17.39545,-23.3387
3.59,-22.89959,-21.62188,-18.36174,-17.69588,-17.36905,-23.12795
3.6,-22.83654,-21.44325,-18.39281,-17.58958,-17.34297,-22.91488
3.61,-22.77349,-21.26219,-18.42456,-17.48167,-17.31721,-22.69948
3.62,-22.71048,-21.07868,-18.457,-17.37214,-17.29178,-22.48174
3.63,-22.64751,-20.8927,-18.49013,-17.26098,-17.26667,-22.26166
3.64,-22.5846,-20.70423,-18.52397,-17.14817,-17.24188,-22.03923
3.65,-22.52176,-20.51325,-18.55852,-17.0337,-17.21741,-21.81446
3.66,-22.45901,-20.31976,-18.5938,-16.91758,-17.19326,-21.58734
3.67,-22.39636,-20.12375,-18.62982,-16.7998,-17.16944,-21.35788
3.68,-22.33383,-19.92521,-18.66659,-16.68038,-17.14594,-21.1261
3.69,-22.27143,-19.72413,-18.70412,-16.55931,-17.12277,-20.89199
3.7,-22.20919,-19.52055,-18.74243,-16.43662,-17.09992,-20.65559
3.71,-22.1471,-19.31445,-18.78151,-16.31234,-17.0774,-20.41692
3.72,-22.08518,-19.10588,-18.8214,-16.1865,-17.05521,-20.17601
3.73,-22.02346,-18.89486,-18.8621,-16.05915,-17.03335,-19.93291
3.74,-21.96193,-18.68145,-18.90362,-15.93034,-17.01181,-19.68768
3.75,-21.90062,-18.46569,-18.94598,-15.80014,-16.99061,-19.44037
3.76,-21.83954,-18.24765,-18.98919,-15.66864,-16.96975,-19.19106
3.77,-21.7787,-18.02744,-19.03327,-15.53594,-16.94921,-18.93987
3.78,-21.71811,-17.80515,-19.07822,-15.40216,-16.92901,-18.68689
3.79,-21.65779,-17.58091,-19.12407,-15.26744,-16.90915,-18.43226
3.8,-21.59775,-17.35488,-19.17084,-15.13195,-16.88963,-18.17615
3.81,-21.538,-17.12724,-19.21853,-14.99589,-16.87045,-17.91874
3.82,-21.47855,-16.89818,-19.26716,-14.85948,-16.8516,-17.66025
3.83,-21.41942,-16.66797,-19.31675,-14.72298,-16.8331,-17.40091
3.84,-21.36062,-16.43687,-19.36731,-14.58669,-16.81495,-17.14102
3.85,-21.30215,-16.20521,-19.41887,-14.45094,-16.79714,-16.8809
3.86,-21.24404,-15.97335,-19.47143,-14.31612,-16.77967,-16.62093
3.87,-21.1863,-15.74171,-19.52502,-14.18267,-16.76256,-16.36151
3.88,-21.12893,-15.51075,-19.57966,-14.05107,-16.74579,-16.10313
3.89,-21.07194,-15.281,-19.63537,-13.92187,-16.72937,-15.8463
3.9,-21.01536,-15.05304,-19.69215,-13.79567,-16.7133,-15.59161
3.91,-20.95918,-14.82752,-19.75004,-13.67313,-16.69759,-15.33971
3.92,-20.90343,-14.60513,-19.80906,-13.55499,-16.68222,-15.09131
3.93,-20.8481,-14.38665,-19.86921,-13.44204,-16.66721,-14.84718
3.94,-20.79322,-14.17292,-19.93053,-13.33514,-16.65256,-14.60814
3.95,-20.73878,-13.96481,-19.99304,-13.2352,-16.63826,-14.3751
3.96,-20.68481,-13.76326,-20.05675,-13.14319,-16.62431,-14.14899
3.97,-20.63132,-13.56926,-20.1217,-13.0601,-16.61072,-13.93079
3.98,-20.5783,-13.38381,-20.1879,-12.987,-16.59748,-13.72151
3.99,-20.52578,-13.20794,-20.25537,-12.92491,-16.5846,-13.52217
4,-20.47376,-13.04266,-20.32414,-12.87491,-16.57208,-13.33379
4.01,-20.42224,-12.88897,-20.39424,-12.83799,-16.55991,-13.15736
4.02,-20.37125,-12.74778,-20.46569,-12.81515,-16.5481,-12.99381
4.03,-20.32078,-12.61998,-20.53852,-12.80727,-16.53664,-12.84401
4.04,-20.27085,-12.50632,-20.61275,-12.81515,-16.52554,-12.70872
4.05,-20.22146,-12.40742,-20.6884,-12.83946,-16.51479,-12.58856
4.06,-20.17262,-12.32378,-20.76552,-12.88074,-16.50439,-12.48403
4.07,-20.12434,-12.25572,-20.84412,-12.93934,-16.49434,-12.39544
4.08,-20.07662,-12.20339,-20.92424,-13.01546,-16.48464,-12.32294
4.09,-20.02947,-12.16675,-21.00591,-13.10911,-16.47529,-12.26649
4.1,-19.9829,-12.14558,-21.08915,-13.22012,-16.46629,-12.22588
4.11,-19.93691,-12.13949,-21.174,-13.34815,-16.45763,-12.20071
4.12,-19.89151,-12.14795,-21.26049,-13.4927,-16.44932,-12.19045
4.13,-19.84669,-12.17026,-21.34866,-13.65316,-16.44134,-12.1944
4.14,-19.80247,-12.20562,-21.43854,-13.82876,-16.4337,-12.21175
4.15,-19.75885,-12.25314,-21.53016,-14.01868,-16.4264,-12.24161
4.16,-19.71583,-12.31185,-21.62356,-14.22202,-16.41944,-12.28301
4.17,-19.67341,-12.38075,-21.71879,-14.43783,-16.4128,-12.33495
4.18,-19.63159,-12.45882,-21.81588,-14.66515,-16.40649,-12.39641
4.19,-19.59038,-12.54503,-21.91487,-14.90305,-16.40051,-12.46635
4.2,-19.54978,-12.63838,-22.01579,-15.15058,-16.39484,-12.54377
4.21,-19.50978,-12.7379,-22.11871,-15.40687,-16.38949,-12.62769
4.22,-19.47038,-12.84267,-22.22365,-15.67106,-16.38446,-12.71721
4.23,-19.43159,-12.95182,-22.33067,-15.94237,-16.37974,-12.81143
4.24,-19.3934,-13.06454,-22.43981,-16.22008,-16.37532,-12.90955
4.25,-19.3558,-13.18008,-22.55112,-16.50353,-16.3712,-13.01081
4.26,-19.3188,-13.29775,-22.66466,-16.79213,-16.36738,-13.11453
4.27,-19.28239,-13.41693,-22.78047,-17.08537,-16.36385,-13.22007
4.28,-19.24657,-13.53705,-22.89861,-17.38279,-16.36061,-13.32688
4.29,-19.21132,-13.65762,-23.01914,-17.684,-16.35766,-13.43444
4.3,-19.17665,-13.77819,-23.14211,-17.98867,-16.35498,-13.5423
4.31,-19.14254,-13.89835,-23.2676,-18.29652,-16.35257,-13.65006
4.32,-19.10898,-14.01775,-23.39565,-18.60733,-16.35044,-13.75736
4.33,-19.07598,-14.1361,-23.52634,-18.92094,-16.34857,-13.8639
4.34,-19.04351,-14.25311,-23.65974,-19.23722,-16.34695,-13.9694
4.35,-19.01157,-14.36856,-23.79592,-19.55609,-16.34559,-14.07362
4.36,-18.98015,-14.48225,-23.93495,-19.87752,-16.34448,-14.17636
4.37,-18.94924,-14.59401,-24.07691,-20.20149,-16.34361,-14.27745
4.38,-18.91881,-14.7037,-24.22189,-20.52806,-16.34297,-14.37674
4.39,-18.88887,-14.81119,-24.36996,-20.85727,-16.34257,-14.47409
4.4,-18.85939,-14.91638,-24.52122,-21.18922,-16.34239,-14.56942
4.41,-18.83036,-15.01919,-24.67576,-21.52404,-16.34243,-14.66262
4.42,-18.80176,-15.11955,-24.83368,-21.86188,-16.34268,-14.75362
4.43,-18.77358,-15.21742,-24.99509,-22.2029,-16.34315,-14.84237
4.44,-18.7458,-15.31274,-25.16007,-22.54731,-16.34382,-14.92883
4.45,-18.7184,-15.40549,-25.32876,-22.89532,-16.34468,-15.01294
4.46,-18.69137,-15.49565,-25.50127,-23.24716,-16.34574,-15.0947
4.47,-18.66468,-15.58321,-25.67772,-23.6031,-16.34698,-15.17409
4.48,-18.63831,-15.66816,-25.85825,-23.96339,-16.3484,-15.25108
4.49,-18.61224,-15.7505,-26.04299,-24.32834,-16.35,-15.32569
4.5,-18.58646,-15.83025,-26.23209,-24.69822,-16.35177,-15.3979
4.51,-18.56093,-15.90741,-26.4257,-25.07334,-16.3537,-15.46773
4.52,-18.53564,-15.98199,-26.62398,-25.45401,-16.35579,-15.53518
4.53,-18.51056,-16.05402,-26.82711,-25.84052,-16.35804,-15.60026
4.54,-18.48567,-16.12353,-27.03527,-26.23317,-16.36044,-15.66301
4.55,-18.46095,-16.19052,-27.24865,-26.6322,-16.36298,-15.72342
4.56,-18.43636,-16.25504,-27.46745,-27.03785,-16.36566,-15.78153
4.57,-18.41188,-16.31711,-27.6919,-27.45027,-16.36848,-15.83735
4.58,-18.38748,-16.37676,-27.92222,-27.86956,-16.37143,-15.89091
4.59,-18.36315,-16.43402,-28.15866,-28.29568,-16.37451,-15.94223
4.6,-18.33884,-16.48892,-28.40148,-28.72843,-16.37771,-15.99135
4.61,-18.31454,-16.54151,-28.65096,-29.16741,-16.38103,-16.03828
4.62,-18.29021,-16.59181,-28.9074,-29.61194,-16.38447,-16.08306
4.63,-18.26582,-16.63986,-29.17112,-30.06094,-16.38802,-16.12572
4.64,-18.24135,-16.6857,-29.44245,-30.51288,-16.39168,-16.16628
4.65,-18.21676,-16.72936,-29.72176,-30.96559,-16.39545,-16.20478
4.66,-18.19202,-16.77089,-30.00944,-31.41616,-16.39932,-16.24124
4.67,-18.16711,-16.81032,-30.3059,-31.86071,-16.4033,-16.27571
4.68,-18.142,-16.84768,-30.6116,-32.29431,-16.40738,-16.3082
4.69,-18.11664,-16.88302,-30.92701,-32.71079,-16.41156,-16.33875
4.7,-18.09101,-16.91638,-31.25264,-33.10273,-16.41584,-16.3674
4.71,-18.06508,-16.9478,-31.58903,-33.46153,-16.42022,-16.39417
4.72,-18.03882,-16.97731,-31.93678,-33.77778,-16.42469,-16.41911
4.73,-18.01219,-17.00496,-32.2965,-34.04182,-16.42926,-16.44223
4.74,-17.98516,-17.03079,-32.66884,-34.24465,-16.43393,-16.46359
4.75,-17.9577,-17.05483,-33.05451,-34.37891,-16.4387,-16.48321
4.76,-17.93776,-17.07714,-33.47328,-34.43994,-16.44193,-16.50112
4.77,-17.91798,-17.09775,-33.90782,-34.42646,-16.44515,-16.51737
4.78,-17.89834,-17.11671,-34.35859,-34.34081,-16.44833,-16.53199
4.79,-17.87884,-17.13406,-34.82585,-34.18855,-16.45149,-16.54502
4.8,-17.85948,-17.14984,-35.30953,-33.9777,-16.45462,-16.55649
4.81,-17.84024,-17.16409,-35.80907,-33.71762,-16.45773,-16.56644
4.82,-17.82111,-17.17687,-36.32313,-33.41807,-16.4608,-16.57491
4.83,-17.80209,-17.18822,-36.84927,-33.08838,-16.46385,-16.58195
4.84,-17.78316,-17.19819,-37.38349,-32.73691,-16.46686,-16.58759
4.85,-17.76433,-17.20682,-37.91959,-32.37086,-16.46986,-16.59187
4.86,-17.74558,-17.21416,-38.44846,-31.99612,-16.47284,-16.59484
4.87,-17.72689,-17.22026,-38.95738,-31.61743,-16.47579,-16.59654
4.88,-17.70827,-17.22518,-39.4294,-31.23847,-16.47874,-16.59702
4.89,-17.6897,-17.22895,-39.84355,-30.86201,-16.48168,-16.59632
4.9,-17.67118,-17.23165,-40.17607,-30.49014,-16.48462,-16.59449
4.91,-17.6527,-17.23331,-40.40336,-30.12433,-16.48756,-16.59158
4.92,-17.63424,-17.23399,-40.50636,-29.76564,-16.49052,-16.58765
4.93,-17.61579,-17.23376,-40.4751,-29.41476,-16.4935,-16.58273
4.94,-17.59736,-17.23266,-40.31141,-29.07211,-16.49652,-16.57688
4.95,-17.57893,-17.23076,-40.0284,-28.73795,-16.49958,-16.57016
4.96,-17.56048,-17.22811,-39.64697,-28.41234,-16.5027,-16.56263
4.97,-17.54201,-17.22478,-39.19113,-28.09529,-16.50588,-16.55434
4.98,-17.52352,-17.22083,-38.68397,-27.78668,-16.50915,-16.54534
4.99,-17.50498,-17.21632,-38.14525,-27.48637,-16.51252,-16.53571
5,-17.48639,-17.21132,-37.59051,-27.19419,-16.51599,-16.52549
5.01,-17.46774,-17.20589,-37.03125,-26.90991,-16.5196,-16.51476
5.02,-17.44901,-17.20011,-36.47555,-26.63333,-16.52336,-16.50358
5.03,-17.4302,-17.19404,-35.92877,-26.36421,-16.52728,-16.49201
5.04,-17.41129,-17.18775,-35.39432,-26.10233,-16.53139,-16.48012
5.05,-17.39228,-17.18131,-34.87416,-25.84746,-16.53571,-16.46797
5.06,-17.37314,-17.1748,-34.36927,-25.59939,-16.54026,-16.45565
5.07,-17.35387,-17.16829,-33.87996,-25.3579,-16.54506,-16.44321
5.08,-17.33446,-17.16186,-33.40607,-25.12279,-16.55014,-16.43072
5.09,-17.31488,-17.15558,-32.94716,-24.89388,-16.55552,-16.41827
5.1,-17.29512,-17.14953,-32.50259,-24.67097,-16.56123,-16.40592
5.11,-17.27518,-17.14379,-32.07163,-24.4539,-16.56729,-16.39375
5.12,-17.25503,-17.13843,-31.65347,-24.24249,-16.57374,-16.38182
5.13,-17.23466,-17.13354,-31.24729,-24.0366,-16.5806,-16.37021
5.14,-17.21405,-17.1292,-30.85225,-23.83607,-16.5879,-16.359
5.15,-17.19319,-17.12548,-30.46754,-23.64078,-16.59567,-16.34826
5.16,-17.17205,-17.12246,-30.09234,-23.45058,-16.60393,-16.33806
5.17,-17.15063,-17.12022,-29.72586,-23.26537,-16.61273,-16.32847
5.18,-17.12889,-17.11885,-29.36735,-23.08501,-16.62209,-16.31957
5.19,-17.10682,-17.11841,-29.01606,-22.90941,-16.63203,-16.31142
5.2,-17.0844,-17.11899,-28.67128,-22.73845,-16.64259,-16.3041
5.21,-17.06161,-17.12066,-28.33231,-22.57205,-16.65379,-16.29767
5.22,-17.03843,-17.12349,-27.99847,-22.41009,-16.66566,-16.29219
5.23,-17.01484,-17.12756,-27.66909,-22.25251,-16.67823,-16.28773
5.24,-16.99082,-17.13293,-27.34355,-22.0992,-16.69151,-16.28436
5.25,-16.96634,-17.13968,-27.02119,-21.95009,-16.70552,-16.28212
5.26,-16.94139,-17.14785,-26.70141,-21.8051,-16.72027,-16.28108
5.27,-16.91594,-17.15753,-26.38359,-21.66416,-16.73578,-16.28129
5.28,-16.88997,-17.16875,-26.06715,-21.52718,-16.75205,-16.28279
5.29,-16.86347,-17.18158,-25.75148,-21.3941,-16.76906,-16.28563
5.3,-16.83642,-17.19606,-25.43603,-21.26485,-16.78682,-16.28986
5.31,-16.80881,-17.21223,-25.12023,-21.13936,-16.80529,-16.29551
5.32,-16.78062,-17.23014,-24.80354,-21.01756,-16.82444,-16.30263
5.33,-16.75184,-17.24982,-24.48542,-20.89939,-16.84422,-16.31123
5.34,-16.72249,-17.2713,-24.16539,-20.78479,-16.86457,-16.32134
5.35,-16.69255,-17.29459,-23.84295,-20.67369,-16.88542,-16.333
5.36,-16.66205,-17.31972,-23.51766,-20.56604,-16.90665,-16.34621
5.37,-16.631,-17.3467,-23.18911,-20.46176,-16.92816,-16.36099
5.38,-16.59945,-17.37552,-22.85693,-20.36081,-16.9498,-16.37736
5.39,-16.56744,-17.40619,-22.52082,-20.26312,-16.97139,-16.39531
5.4,-16.53504,-17.4387,-22.18052,-20.16863,-16.99275,-16.41485
5.41,-16.50235,-17.47303,-21.83587,-20.07729,-17.01365,-16.43598
5.42,-16.46947,-17.50917,-21.48679,-19.98903,-17.03385,-16.45869
5.43,-16.43655,-17.54708,-21.13331,-19.9038,-17.05307,-16.48298
5.44,-16.40377,-17.58674,-20.77562,-19.82155,-17.07101,-16.50882
5.45,-16.37136,-17.6281,-20.41409,-19.7422,-17.08738,-16.5362
5.46,-16.33957,-17.67111,-20.04928,-19.66571,-17.10185,-16.56511
5.47,-16.30873,-17.71573,-19.68206,-19.59202,-17.11412,-16.59552
5.48,-16.2792,-17.7619,-19.31363,-19.52108,-17.12392,-16.6274
5.49,-16.25141,-17.80957,-18.94557,-19.45282,-17.131,-16.66073
5.5,-16.22586,-17.85866,-18.57988,-19.38719,-17.13523,-16.69548
5.51,-16.20308,-17.90911,-18.21893,-19.32414,-17.13654,-16.73161
5.52,-16.18368,-17.96085,-17.86541,-19.2636,-17.13501,-16.76909
5.53,-16.16829,-18.01381,-17.52215,-19.20553,-17.13091,-16.80788
5.54,-16.15758,-18.0679,-17.19201,-19.14987,-17.12467,-16.84796
5.55,-16.15219,-18.12304,-16.87767,-19.09655,-17.11694,-16.88927
5.56,-16.15276,-18.17917,-16.58157,-19.04554,-17.1086,-16.93179
5.57,-16.15984,-18.2362,-16.30588,-18.99677,-17.10072,-16.97546
5.58,-16.17389,-18.29404,-16.05243,-18.95018,-17.09454,-17.02025
5.59,-16.1952,-18.35262,-15.82277,-18.90573,-17.0914,-17.06613
5.6,-16.22389,-18.41185,-15.61809,-18.86336,-17.09272,-17.11304
5.61,-16.25988,-18.47167,-15.43922,-18.82302,-17.09986,-17.16095
5.62,-16.30288,-18.53199,-15.2866,-18.78465,-17.11407,-17.20983
5.63,-16.3524,-18.59273,-15.16021,-18.7482,-17.13641,-17.25962
5.64,-16.40774,-18.65383,-15.05961,-18.71362,-17.16771,-17.31028
5.65,-16.46811,-18.71521,-14.98392,-18.68085,-17.20848,-17.36179
5.66,-16.53258,-18.77681,-14.93187,-18.64986,-17.25897,-17.41411
5.67,-16.60024,-18.83856,-14.90188,-18.62058,-17.31909,-17.46719
5.68,-16.67016,-18.90041,-14.89214,-18.59296,-17.38853,-17.52099
5.69,-16.74151,-18.96229,-14.90068,-18.56696,-17.46675,-17.5755
5.7,-16.81353,-19.02416,-14.92546,-18.54253,-17.55301,-17.63066
5.71,-16.88562,-19.08597,-14.96444,-18.51962,-17.64649,-17.68645
5.72,-16.95728,-19.14767,-15.01564,-18.49819,-17.74625,-17.74284
5.73,-17.02818,-19.20922,-15.07718,-18.47818,-17.85133,-17.7998
5.74,-17.09808,-19.27058,-15.14733,-18.45955,-17.96077,-17.85729
5.75,-17.16687,-19.33173,-15.22451,-18.44226,-18.07361,-17.91529
5.76,-17.23453,-19.39263,-15.30731,-18.42627,-18.18895,-17.97376
5.77,-17.3011,-19.45326,-15.39448,-18.41152,-18.30591,-18.0327
5.78,-17.36668,-19.5136,-15.48494,-18.39798,-18.42371,-18.09206
5.79,-17.43143,-19.57363,-15.57774,-18.38561,-18.5416,-18.15182
5.8,-17.49549,-19.63333,-15.67209,-18.37436,-18.6589,-18.21196
5.81,-17.55905,-19.69269,-15.7673,-18.3642,-18.77502,-18.27246
5.82,-17.62228,-19.75171,-15.86281,-18.35509,-18.8894,-18.33329
5.83,-17.68536,-19.81038,-15.95815,-18.34699,-19.00157,-18.39443
5.84,-17.74845,-19.86869,-16.05293,-18.33987,-19.11112,-18.45586
5.85,-17.8117,-19.92665,-16.14684,-18.33369,-19.2177,-18.51755
5.86,-17.87525,-19.98426,-16.23962,-18.32841,-19.32101,-18.57949
5.87,-17.93921,-20.04153,-16.33108,-18.32401,-19.42082,-18.64165
5.88,-18.00369,-20.09845,-16.42105,-18.32044,-19.51695,-18.704
5.89,-18.06876,-20.15504,-16.50942,-18.31769,-19.60927,-18.76654
5.9,-18.1345,-20.21131,-16.5961,-18.31571,-19.6977,-18.82923
5.91,-18.20097,-20.26726,-16.68104,-18.31448,-19.78221,-18.89204
5.92,-18.26819,-20.32292,-16.76418,-18.31397,-19.8628,-18.95497
5.93,-18.3362,-20.3783,-16.84551,-18.31416,-19.93954,-19.01797
5.94,-18.40502,-20.4334,-16.92502,-18.31502,-20.01249,-19.08102
5.95,-18.47463,-20.48825,-17.00271,-18.31651,-20.08178,-19.14411
5.96,-18.54506,-20.54287,-17.07859,-18.31863,-20.14753,-19.20719
5.97,-18.61627,-20.59726,-17.15269,-18.32134,-20.2099,-19.27024
5.98,-18.68825,-20.65146,-17.22503,-18.32462,-20.26907,-19.33324
5.99,-18.76098,-20.70547,-17.29563,-18.32846,-20.32523,-19.39616
6,-18.83444,-20.75932,-17.36454,-18.33282,-20.37857,-19.45897
6.01,-18.90857,-20.81303,-17.43179,-18.3377,-20.42929,-19.52163
6.02,-18.98337,-20.86662,-17.49741,-18.34307,-20.47759,-19.58413
6.03,-19.05877,-20.9201,-17.56144,-18.34892,-20.52367,-19.64644
6.04,-19.13476,-20.9735,-17.62393,-18.35523,-20.56773,-19.70854
6.05,-19.21127,-21.02684,-17.68491,-18.36198,-20.60996,-19.7704
6.06,-19.28828,-21.08013,-17.74443,-18.36917,-20.65053,-19.832
6.07,-19.36575,-21.1334,-17.80251,-18.37677,-20.68963,-19.89333
6.08,-19.44363,-21.18668,-17.8592,-18.38477,-20.7274,-19.95437
6.09,-19.52188,-21.23996,-17.91454,-18.39317,-20.76402,-20.0151
6.1,-19.60045,-21.29329,-17.96856,-18.40194,-20.7996,-20.07553
6.11,-19.67932,-21.34667,-18.0213,-18.41109,-20.83429,-20.13564
6.12,-19.75845,-21.40013,-18.07279,-18.4206,-20.86819,-20.19544
6.13,-19.83779,-21.45368,-18.12306,-18.43046,-20.90142,-20.25492
6.14,-19.9173,-21.50735,-18.17216,-18.44066,-20.93406,-20.31409
6.15,-19.99696,-21.56114,-18.2201,-18.45121,-20.9662,-20.37295
6.16,-20.07673,-21.61508,-18.26692,-18.46208,-20.99792,-20.43152
6.17,-20.15657,-21.66919,-18.31265,-18.47328,-21.02927,-20.4898
6.18,-20.23646,-21.72347,-18.35732,-18.48481,-21.06032,-20.54782
6.19,-20.31636,-21.77794,-18.40095,-18.49665,-21.09112,-20.60558
6.2,-20.39625,-21.83263,-18.44357,-18.50881,-21.1217,-20.6631
6.21,-20.47609,-21.88753,-18.48521,-18.52129,-21.15211,-20.7204
6.22,-20.55586,-21.94267,-18.52588,-18.53407,-21.18238,-20.77749
6.23,-20.63553,-21.99806,-18.56561,-18.54717,-21.21255,-20.8344
6.24,-20.71508,-22.0537,-18.60442,-18.56057,-21.24263,-20.89113
6.25,-20.79448,-22.1096,-18.64233,-18.57429,-21.27266,-20.9477
6.26,-20.8737,-22.16578,-18.67937,-18.58832,-21.30267,-21.00413
6.27,-20.95273,-22.22225,-18.71555,-18.60267,-21.33268,-21.06042
6.28,-21.03155,-22.27899,-18.75088,-18.61733,-21.36271,-21.11659
6.29,-21.11012,-22.33603,-18.7854,-18.63231,-21.39281,-21.17265
6.3,-21.18843,-22.39337,-18.81911,-18.64761,-21.42299,-21.2286
6.31,-21.26645,-22.451,-18.85202,-18.66324,-21.4533,-21.28445
6.32,-21.34416,-22.50892,-18.88417,-18.6792,-21.48377,-21.3402
6.33,-21.42155,-22.56714,-18.91555,-18.6955,-21.51445,-21.39584
6.34,-21.49858,-22.62565,-18.94618,-18.71214,-21.54537,-21.45139
6.35,-21.57524,-22.68445,-18.97608,-18.72912,-21.57658,-21.50683
6.36,-21.65151,-22.74353,-19.00526,-18.74646,-21.60813,-21.56215
6.37,-21.72735,-22.80288,-19.03372,-18.76416,-21.64007,-21.61734
6.38,-21.80275,-22.86248,-19.06149,-18.78223,-21.67245,-21.6724
6.39,-21.87767,-22.92233,-19.08857,-18.80067,-21.70531,-21.7273
6.4,-21.95211,-22.98242,-19.11497,-18.81948,-21.73871,-21.78203
6.41,-22.02601,-23.04271,-19.1407,-18.83869,-21.77268,-21.83657
6.42,-22.09937,-23.1032,-19.16577,-18.85829,-21.80725,-21.8909
6.43,-22.17214,-23.16385,-19.19018,-18.87829,-21.84246,-21.94498
6.44,-22.2443,-23.22465,-19.21395,-18.8987,-21.87831,-21.99879
6.45,-22.31581,-23.28556,-19.23709,-18.91952,-21.91481,-22.0523
6.46,-22.38664,-23.34656,-19.25959,-18.94077,-21.95195,-22.10547
6.47,-22.45674,-23.4076,-19.28146,-18.96244,-21.98969,-22.15826
6.48,-22.52607,-23.46865,-19.30272,-18.98455,-22.028,-22.21064
6.49,-22.5946,-23.52967,-19.32336,-19.0071,-22.06681,-22.26255
6.5,-22.66227,-23.59062,-19.34339,-19.03009,-22.10604,-22.31396
6.51,-22.72903,-23.65143,-19.36281,-19.05352,-22.14558,-22.3648
6.52,-22.79484,-23.71208,-19.38163,-19.07741,-22.18533,-22.41503
6.53,-22.85962,-23.77249,-19.39986,-19.10176,-22.22514,-22.46458
6.54,-22.92333,-23.83261,-19.41748,-19.12655,-22.26487,-22.5134
6.55,-22.9859,-23.89237,-19.43452,-19.15181,-22.30436,-22.56142
6.56,-23.04725,-23.9517,-19.45096,-19.17751,-22.34343,-22.60856
6.57,-23.10731,-24.01054,-19.4668,-19.20367,-22.38192,-22.65477
6.58,-23.16601,-24.06881,-19.48206,-19.23028,-22.41963,-22.69995
6.59,-23.22325,-24.12642,-19.49673,-19.25733,-22.45639,-22.74402
6.6,-23.27896,-24.18328,-19.51081,-19.28482,-22.492,-22.78691
6.61,-23.33303,-24.23932,-19.5243,-19.31273,-22.52629,-22.82853
6.62,-23.38536,-24.29443,-19.5372,-19.34106,-22.55909,-22.86877
6.63,-23.43586,-24.34851,-19.54951,-19.36979,-22.59022,-22.90754
6.64,-23.4844,-24.40146,-19.56123,-19.39891,-22.61953,-22.94475
6.65,-23.53087,-24.45317,-19.57235,-19.42841,-22.64686,-22.98028
6.66,-23.57516,-24.50352,-19.58287,-19.45825,-22.67208,-23.01404
6.67,-23.61712,-24.5524,-19.5928,-19.48842,-22.69506,-23.0459
6.68,-23.65664,-24.59968,-19.60212,-19.5189,-22.71569,-23.07576
6.69,-23.69357,-24.64523,-19.61084,-19.54966,-22.73385,-23.1035
6.7,-23.72777,-24.68893,-19.61895,-19.58066,-22.74945,-23.129
6.71,-23.7591,-24.73064,-19.62644,-19.61188,-22.76242,-23.15213
6.72,-23.7874,-24.77022,-19.63332,-19.64327,-22.77267,-23.17279
6.73,-23.81253,-24.80753,-19.63957,-19.67481,-22.78014,-23.19084
6.74,-23.83434,-24.84242,-19.64519,-19.70644,-22.78478,-23.20616
6.75,-23.85267,-24.87475,-19.65018,-19.73813,-22.78655,-23.21863
6.76,-23.86737,-24.90438,-19.65453,-19.76983,-22.78539,-23.22812
6.77,-23.87828,-24.93114,-19.65824,-19.80148,-22.78129,-23.23453
6.78,-23.88526,-24.9549,-19.6613,-19.83304,-22.77422,-23.23772
6.79,-23.88817,-24.97551,-19.66369,-19.86444,-22.76415,-23.23758
6.8,-23.88687,-24.99281,-19.66543,-19.89563,-22.75108,-23.23401
6.81,-23.88122,-25.00666,-19.66649,-19.92656,-22.73499,-23.2269
6.82,-23.8711,-25.01693,-19.66687,-19.95715,-22.71587,-23.21614
6.83,-23.8564,-25.02347,-19.66656,-19.98734,-22.69374,-23.20165
6.84,-23.83703,-25.02614,-19.66556,-20.01706,-22.66857,-23.18334
6.85,-23.81289,-25.02483,-19.66386,-20.04624,-22.6404,-23.16113
6.86,-23.78391,-25.0194,-19.66144,-20.07481,-22.60921,-23.13495
6.87,-23.75004,-25.00976,-19.65831,-20.1027,-22.57502,-23.10475
6.88,-23.71125,-24.99578,-19.65445,-20.12984,-22.53785,-23.07047
6.89,-23.66751,-24.97738,-19.64985,-20.15614,-22.4977,-23.03208
6.9,-23.61882,-24.95448,-19.64451,-20.18153,-22.45461,-22.98955
6.91,-23.56521,-24.92699,-19.63842,-20.20593,-22.40857,-22.94286
6.92,-23.50672,-24.89487,-19.63156,-20.22927,-22.35962,-22.89201
6.93,-23.44341,-24.85805,-19.62393,-20.25147,-22.30778,-22.83701
6.94,-23.37535,-24.81651,-19.61553,-20.27246,-22.25308,-22.77787
6.95,-23.30266,-24.77022,-19.60633,-20.29215,-22.19553,-22.71464
6.96,-23.22545,-24.71917,-19.59635,-20.31047,-22.13517,-22.64735
6.97,-23.14387,-24.66337,-19.58555,-20.32734,-22.07203,-22.57606
6.98,-23.05806,-24.60285,-19.57395,-20.3427,-22.00614,-22.50083
6.99,-22.9682,-24.53762,-19.56153,-20.35647,-21.93752,-22.42175
7,-22.87447,-24.46774,-19.54828,-20.36859,-21.86622,-22.3389
7.01,-22.77708,-24.39328,-19.53419,-20.37899,-21.79227,-22.25237
7.02,-22.67623,-24.3143,-19.51927,-20.3876,-21.71571,-22.16227
7.03,-22.57213,-24.23089,-19.50349,-20.39436,-21.63658,-22.06872
7.04,-22.46502,-24.14316,-19.48687,-20.39922,-21.55491,-21.97183
7.05,-22.35511,-24.0512,-19.46939,-20.40212,-21.47075,-21.87173
7.06,-22.24264,-23.95515,-19.45104,-20.40302,-21.38415,-21.76855
7.07,-22.12784,-23.85513,-19.43183,-20.40186,-21.29514,-21.66244
7.08,-22.01094,-23.75129,-19.41176,-20.39861,-21.20378,-21.55353
7.09,-21.89217,-23.64376,-19.39081,-20.39322,-21.11012,-21.44197
7.1,-21.77176,-23.53272,-19.36898,-20.38566,-21.01421,-21.32791
7.11,-21.64992,-23.41832,-19.34628,-20.37591,-20.9161,-21.2115
7.12,-21.52688,-23.30073,-19.32271,-20.36395,-20.81586,-21.0929
7.13,-21.40284,-23.18013,-19.29826,-20.34974,-20.71352,-20.97225
7.14,-21.27801,-23.05669,-19.27294,-20.33329,-20.60917,-20.84971
7.15,-21.15257,-22.93061,-19.24673,-20.31457,-20.50286,-20.72544
7.16,-21.02671,-22.80207,-19.21964,-20.2936,-20.39466,-20.59959
7.17,-20.9006,-22.67126,-19.19166,-20.27038,-20.28464,-20.47232
7.18,-20.77442,-22.53838,-19.16278,-20.24491,-20.17287,-20.34379
7.19,-20.64831,-22.40362,-19.13297,-20.21721,-20.05943,-20.21413
7.2,-20.52244,-22.26718,-19.10218,-20.18731,-19.9444,-20.08352
7.21,-20.39693,-22.12927,-19.07035,-20.15523,-19.82787,-19.9521
7.22,-20.27193,-21.99008,-19.03734,-20.12102,-19.70992,-19.82003
7.23,-20.14756,-21.84983,-19.00294,-20.0847,-19.59064,-19.68745
7.24,-20.02394,-21.70871,-18.96673,-20.04635,-19.47014,-19.55453
7.25,-19.90118,-21.56693,-18.92797,-20.00601,-19.34851,-19.4214
7.26,-19.7794,-21.42472,-18.88514,-19.96376,-19.22588,-19.28822
7.27,-19.65869,-21.28226,-18.83531,-19.91967,-19.10235,-19.15515
7.28,-19.53915,-21.13979,-18.77571,-19.87383,-18.97804,-19.02234
7.29,-19.4209,-20.99751,-18.74739,-19.82633,-18.85309,-18.88993
7.3,-19.30401,-20.85564,-18.82224,-19.77729,-18.72763,-18.75809
7.31,-19.1886,-20.7144,-18.81759,-19.72682,-18.60181,-18.62697
7.32,-19.07476,-20.57401,-18.78023,-19.67505,-18.47577,-18.49673
7.33,-18.96259,-20.4347,-18.74132,-19.62212,-18.34969,-18.36754
7.34,-18.85218,-20.29668,-18.70436,-19.5682,-18.22372,-18.23955
7.35,-18.74366,-20.16018,-18.66942,-19.51345,-18.09806,-18.11293
7.36,-18.63713,-20.02545,-18.63628,-19.45806,-17.97289,-17.98785
7.37,-18.5327,-19.89269,-18.60487,-19.40222,-17.84841,-17.86449
7.38,-18.43051,-19.76216,-18.57517,-19.34617,-17.72484,-17.74303
7.39,-18.33068,-19.63409,-18.54729,-19.29012,-17.6024,-17.62364
7.4,-18.23335,-19.5087,-18.52137,-19.23435,-17.48131,-17.50651
7.41,-18.13868,-19.38624,-18.49759,-19.17912,-17.36183,-17.39184
7.42,-18.04681,-19.26695,-18.47618,-19.12472,-17.24421,-17.27982
7.43,-17.95792,-19.15106,-18.45739,-19.07146,-17.12872,-17.17064
7.44,-17.87218,-19.03881,-18.4415,-19.01968,-17.01564,-17.06452
7.45,-17.78979,-18.93043,-18.4288,-18.96973,-16.90526,-16.96165
7.46,-17.71094,-18.82616,-18.41962,-18.92199,-16.79787,-16.86225
7.47,-17.63584,-18.72622,-18.41429,-18.87683,-16.69378,-16.76653
7.48,-17.5647,-18.63084,-18.41315,-18.83467,-16.59331,-16.67471
7.49,-17.49775,-18.54024,-18.41658,-18.79594,-16.49677,-16.58699
7.5,-17.43522,-18.45462,-18.42495,-18.76106,-16.4045,-16.50361
7.51,-17.37734,-18.37419,-18.43864,-18.7305,-16.31683,-16.42477
7.52,-17.32437,-18.29915,-18.45803,-18.7047,-16.23408,-16.35069
7.53,-17.27654,-18.22967,-18.4835,-18.68413,-16.15658,-16.28158
7.54,-17.23409,-18.16593,-18.51544,-18.66924,-16.08466,-16.21764
7.55,-17.19727,-18.10809,-18.55421,-18.6605,-16.01864,-16.15908
7.56,-17.16632,-18.05629,-18.60018,-18.65835,-15.95883,-16.10609
7.57,-17.14145,-18.01065,-18.65367,-18.66322,-15.90553,-16.05885
7.58,-17.1229,-17.97131,-18.71502,-18.67551,-15.85903,-16.01753
7.59,-17.11086,-17.93834,-18.78451,-18.6956,-15.81958,-15.98229
7.6,-17.10552,-17.91183,-18.8624,-18.72383,-15.78745,-15.95329
7.61,-17.10704,-17.89185,-18.94891,-18.76051,-15.76285,-15.93064
7.62,-17.11559,-17.87842,-19.04422,-18.80588,-15.74598,-15.91447
7.63,-17.13127,-17.8716,-19.14848,-18.86017,-15.73702,-15.90487
7.64,-17.15418,-17.87137,-19.26178,-18.92352,-15.73611,-15.90192
7.65,-17.1844,-17.87773,-19.38419,-18.99603,-15.74336,-15.90568
7.66,-17.22195,-17.89065,-19.51569,-19.07773,-15.75887,-15.91619
7.67,-17.26684,-17.9101,-19.65626,-19.16861,-15.78268,-15.93345
7.68,-17.31906,-17.93601,-19.8058,-19.26858,-15.81481,-15.95748
7.69,-17.37854,-17.96831,-19.9642,-19.37752,-15.85527,-15.98825
7.7,-17.44521,-18.00692,-20.13128,-19.49524,-15.90401,-16.02571
7.71,-17.51895,-18.05174,-20.30685,-19.62151,-15.96098,-16.06981
7.72,-17.59962,-18.10266,-20.49067,-19.75605,-16.02608,-16.12046
7.73,-17.68706,-18.15956,-20.68247,-19.89855,-16.09923,-16.17758
7.74,-17.78109,-18.22232,-20.88197,-20.04865,-16.18027,-16.24104
7.75,-17.88151,-18.29081,-21.08886,-20.206,-16.26908,-16.31073
7.76,-17.9881,-18.36488,-21.30283,-20.37021,-16.36549,-16.3865
7.77,-18.10062,-18.4444,-21.52353,-20.54085,-16.46934,-16.46822
7.78,-18.21885,-18.52922,-21.75063,-20.71754,-16.58044,-16.55571
7.79,-18.34254,-18.61919,-21.98378,-20.89985,-16.69861,-16.64883
7.8,-18.47145,-18.71417,-22.22264,-21.08738,-16.82368,-16.74739
7.81,-18.60532,-18.814,-22.46686,-21.27971,-16.95545,-16.85124
7.82,-18.74393,-18.91856,-22.7161,-21.47646,-17.09373,-16.96018
7.83,-18.88703,-19.02768,-22.97002,-21.67725,-17.23836,-17.07406
7.84,-19.03442,-19.14123,-23.22829,-21.8817,-17.38915,-17.19269
7.85,-19.18586,-19.25908,-23.49057,-22.08948,-17.54594,-17.3159
7.86,-19.34118,-19.38109,-23.75654,-22.30026,-17.70857,-17.44352
7.87,-19.50019,-19.50713,-24.02587,-22.51372,-17.87689,-17.57539
7.88,-19.66273,-19.63708,-24.29824,-22.72959,-18.05076,-17.71136
7.89,-19.82866,-19.77081,-24.57331,-22.94759,-18.23005,-17.85126
7.9,-19.99786,-19.90822,-24.85074,-23.16749,-18.41464,-17.99496
7.91,-20.17022,-20.0492,-25.13019,-23.38905,-18.60443,-18.14231
7.92,-20.34567,-20.19363,-25.41127,-23.61207,-18.79931,-18.29318
7.93,-20.52416,-20.34142,-25.69361,-23.83637,-18.9992,-18.44745
7.94,-20.70564,-20.49248,-25.97676,-24.06179,-19.20402,-18.605
7.95,-20.89012,-20.64671,-26.26027,-24.28817,-19.41369,-18.76573
7.96,-21.07761,-20.80403,-26.54362,-24.51539,-19.62815,-18.92954
7.97,-21.26814,-20.96436,-26.82625,-24.74333,-19.84733,-19.09632
7.98,-21.46176,-21.12761,-27.10752,-24.9719,-20.07119,-19.266
7.99,-21.65856,-21.29372,-27.3867,-25.20101,-20.29967,-19.4385
8,-21.85862,-21.46259,-27.66301,-25.43059,-20.53271,-19.61374
8.01,-22.06205,-21.63418,-27.93554,-25.6606,-20.77026,-19.79164
8.02,-22.26898,-21.80839,-28.20328,-25.89097,-21.01225,-19.97216
8.03,-22.47954,-21.98516,-28.46513,-26.1217,-21.25863,-20.15522
8.04,-22.69386,-22.16442,-28.71987,-26.35274,-21.50931,-20.34077
8.05,-22.91208,-22.3461,-28.96615,-26.5841,-21.76419,-20.52874
8.06,-23.13434,-22.53011,-29.20256,-26.81578,-22.02317,-20.71909
8.07,-23.36075,-22.71638,-29.42759,-27.04777,-22.28612,-20.91175
8.08,-23.59142,-22.90482,-29.6397,-27.2801,-22.55288,-21.10665
8.09,-23.82642,-23.09534,-29.83732,-27.51281,-22.82325,-21.30374
8.1,-24.06579,-23.28784,-30.01896,-27.74591,-23.09702,-21.50293
8.11,-24.30952,-23.48222,-30.1832,-27.97945,-23.3739,-21.70415
8.12,-24.55753,-23.67835,-30.32883,-28.21349,-23.65358,-21.9073
8.13,-24.80967,-23.87611,-30.45488,-28.44808,-23.93567,-22.11228
8.14,-25.06572,-24.07535,-30.56069,-28.68329,-24.21974,-22.31895
8.15,-25.32532,-24.27591,-30.646,-28.91918,-24.50528,-22.5272
8.16,-25.58802,-24.47762,-30.71096,-29.15584,-24.79168,-22.73684
8.17,-25.85322,-24.68027,-30.7562,-29.39335,-25.07827,-22.94771
8.18,-26.12017,-24.88364,-30.78277,-29.6318,-25.36428,-23.15959
8.19,-26.38797,-25.0875,-30.79217,-29.87129,-25.64883,-23.37224
8.2,-26.65552,-25.29157,-30.78629,-30.11193,-25.93095,-23.5854
8.21,-26.92156,-25.49555,-30.76731,-30.35384,-26.20956,-23.79876
8.22,-27.18464,-25.69912,-30.73767,-30.59712,-26.4835,-24.01199
8.23,-27.44313,-25.90191,-30.69992,-30.84192,-26.75148,-24.22471
8.24,-27.69522,-26.10354,-30.6567,-31.08836,-27.01217,-24.4365
8.25,-27.93898,-26.30358,-30.6106,-31.3366,-27.26415,-24.64692
8.26,-28.17238,-26.50158,-30.56411,-31.58677,-27.50597,-24.85547
8.27,-28.39331,-26.69705,-30.51957,-31.83905,-27.73616,-25.06163
8.28,-28.59969,-26.88946,-30.47907,-32.0936,-27.95331,-25.26483
8.29,-28.78951,-27.07827,-30.4445,-32.3506,-28.15605,-25.46449
8.3,-28.96089,-27.2629,-30.41743,-32.61024,-28.34314,-25.65999
8.31,-29.11221,-27.44277,-30.3992,-32.87272,-28.5135,-25.85072
8.32,-29.24212,-27.61727,-30.39082,-33.13826,-28.66626,-26.03602
8.33,-29.34965,-27.7858,-30.39307,-33.40707,-28.80078,-26.21527
8.34,-29.43422,-27.94774,-30.40646,-33.67939,-28.91669,-26.38787
8.35,-29.49565,-28.10251,-30.43126,-33.95547,-29.01392,-26.55321
8.36,-29.5342,-28.24954,-30.46755,-34.23557,-29.09268,-26.71077
8.37,-29.55051,-28.38831,-30.51523,-34.51997,-29.15343,-26.86005
8.38,-29.54555,-28.51835,-30.57403,-34.80898,-29.19692,-27.00063
8.39,-29.52059,-28.63922,-30.64359,-35.10289,-29.22409,-27.13217
8.4,-29.47708,-28.75061,-30.72343,-35.40204,-29.23608,-27.25443
8.41,-29.41664,-28.85223,-30.81302,-35.70678,-29.23415,-27.36724
8.42,-29.34096,-28.94394,-30.91177,-36.01749,-29.21964,-27.47056
8.43,-29.25173,-29.02565,-31.01905,-36.33455,-29.19397,-27.56444
8.44,-29.15062,-29.09739,-31.13425,-36.65839,-29.15852,-27.64902
8.45,-29.03924,-29.15928,-31.25674,-36.98945,-29.11467,-27.72455
8.46,-28.91908,-29.21156,-31.38589,-37.3282,-29.06375,-27.79136
8.47,-28.79156,-29.25453,-31.52111,-37.67514,-29.00701,-27.84986
8.48,-28.65793,-29.28859,-31.66183,-38.03079,-28.9456,-27.90052
8.49,-28.51936,-29.31422,-31.80752,-38.39573,-28.88058,-27.94387
8.5,-28.37688,-29.33195,-31.95765,-38.77052,-28.81293,-27.98047
8.51,-28.2381,-29.35945,-32.14176,-39.23442,-28.64712,-28.00444
8.52,-28.10374,-29.37749,-32.33518,-39.72602,-28.50909,-28.02271
8.53,-27.97368,-29.38657,-32.53848,-40.24872,-28.39285,-28.03575
8.54,-27.84778,-29.38735,-32.75231,-40.80654,-28.29316,-28.04405
8.55,-27.72592,-29.38063,-32.97737,-41.40424,-28.20579,-28.04802
8.56,-27.608,-29.36728,-33.21443,-42.04759,-28.12751,-28.0481
8.57,-27.49392,-29.34824,-33.46432,-42.74352,-28.05587,-28.04468
8.58,-27.38357,-29.32445,-33.72798,-43.50053,-27.98907,-28.03813
8.59,-27.27688,-29.29679,-34.00643,-44.32902,-27.92577,-28.0288
8.6,-27.17377,-29.26615,-34.30082,-45.24178,-27.86501,-28.01702
8.61,-27.07416,-29.23328,-34.61241,-46.25439,-27.80607,-28.00311
8.62,-26.978,-29.19892,-34.94263,-47.38524,-27.74844,-27.98733
8.63,-26.88522,-29.16367,-35.29308,-48.65393,-27.69172,-27.96997
8.64,-26.79578,-29.12807,-35.66557,-50.0746,-27.63566,-27.95127
8.65,-26.70964,-29.09257,-36.06213,-51.63394,-27.58005,-27.93145
8.66,-26.62677,-29.05755,-36.48509,-53.22814,-27.52475,-27.91074
8.67,-26.54713,-29.02332,-36.9371,-54.53379,-27.46967,-27.88932
8.68,-26.4707,-28.9901,-37.4212,-54.97732,-27.41475,-27.86737
8.69,-26.39747,-28.95811,-37.94087,-54.26077,-27.35994,-27.84506
8.7,-26.32744,-28.92746,-38.50011,-52.79782,-27.30524,-27.82255
8.71,-26.2606,-28.89826,-39.10351,-51.13319,-27.25063,-27.79997
8.72,-26.19695,-28.87058,-39.75628,-49.53629,-27.19613,-27.77745
8.73,-26.13651,-28.84446,-40.46421,-48.08529,-27.14175,-27.75511
8.74,-26.07928,-28.8199,-41.23356,-46.78513,-27.08752,-27.73306
8.75,-26.02529,-28.79692,-42.07048,-45.61966,-27.03347,-27.71138
8.76,-25.97456,-28.77548,-42.9798,-44.56936,-26.97963,-27.69017
8.77,-25.92711,-28.75558,-43.96218,-43.61644,-26.92604,-27.66951
8.78,-25.88298,-28.73716,-45.00806,-42.74598,-26.87276,-27.64948
8.79,-25.84219,-28.72019,-46.08573,-41.94579,-26.81982,-27.63012
8.8,-25.80479,-28.70461,-47.1208,-41.20596,-26.76729,-27.61152
8.81,-25.77081,-28.6904,-47.97349,-40.51845,-26.7152,-27.59371
8.82,-25.74029,-28.67748,-48.44869,-39.87667,-26.66362,-27.57675
8.83,-25.71327,-28.66583,-48.39117,-39.27517,-26.61261,-27.56067
8.84,-25.68978,-28.65537,-47.81281,-38.70945,-26.56222,-27.54552
8.85,-25.66988,-28.64607,-46.88157,-38.17572,-26.51252,-27.53132
8.86,-25.65359,-28.63788,-45.78916,-37.67081,-26.46358,-27.5181
8.87,-25.64096,-28.63076,-44.6669,-37.192,-26.41546,-27.50589
8.88,-25.63201,-28.62465,-43.58284,-36.73698,-26.36822,-27.49472
8.89,-25.62679,-28.61953,-42.56525,-36.30378,-26.32195,-27.48459
8.9,-25.62532,-28.61536,-41.62213,-35.89067,-26.27671,-27.47552
8.91,-25.62762,-28.61209,-40.75223,-35.49617,-26.23257,-27.46752
8.92,-25.63372,-28.60969,-39.95062,-35.11898,-26.18961,-27.46061
8.93,-25.64363,-28.60814,-39.21125,-34.75796,-26.14791,-27.4548
8.94,-25.65736,-28.60741,-38.52807,-34.41212,-26.10754,-27.45008
8.95,-25.67492,-28.60748,-37.89548,-34.08058,-26.06859,-27.44646
8.96,-25.69631,-28.60832,-37.3085,-33.76255,-26.03113,-27.44394
8.97,-25.72152,-28.6099,-36.76277,-33.45734,-25.99523,-27.44253
8.98,-25.75053,-28.61223,-36.25448,-33.16434,-25.961,-27.44223
8.99,-25.78332,-28.61528,-35.78035,-32.88299,-25.92849,-27.44302
9,-25.81987,-28.61903,-35.33749,-32.6128,-25.89779,-27.44492
9.01,-25.86013,-28.62349,-34.92343,-32.35332,-25.86899,-27.44791
9.02,-25.90407,-28.62864,-34.53595,-32.10415,-25.84216,-27.452
9.03,-25.95162,-28.63448,-34.17315,-31.86492,-25.81738,-27.45718
9.04,-26.00273,-28.641,-33.83332,-31.6353,-25.79472,-27.46345
9.05,-26.05732,-28.64822,-33.51494,-31.41499,-25.77427,-27.4708
9.06,-26.11534,-28.65612,-33.21664,-31.20371,-25.75609,-27.47923
9.07,-26.17667,-28.66471,-32.93721,-31.0012,-25.74025,-27.48873
9.08,-26.24125,-28.674,-32.67552,-30.80721,-25.72682,-27.4993
9.09,-26.30895,-28.684,-32.43053,-30.62153,-25.71587,-27.51094
9.1,-26.37969,-28.69473,-32.20129,-30.44394,-25.70745,-27.52364
9.11,-26.45333,-28.70618,-31.9869,-30.27425,-25.70162,-27.53741
9.12,-26.52977,-28.71839,-31.78653,-30.11226,-25.69843,-27.55224
9.13,-26.60886,-28.73137,-31.59936,-29.95779,-25.69792,-27.56814
9.14,-26.69046,-28.74513,-31.42462,-29.81067,-25.70014,-27.5851
9.15,-26.77445,-28.7597,-31.26155,-29.67073,-25.70511,-27.60313
9.16,-26.86065,-28.77511,-31.10943,-29.5378,-25.71288,-27.62224
9.17,-26.94892,-28.79139,-30.96752,-29.41172,-25.72345,-27.64242
9.18,-27.03908,-28.80856,-30.83513,-29.29232,-25.73684,-27.66369
9.19,-27.13097,-28.82666,-30.71155,-29.17946,-25.75305,-27.68607
9.2,-27.2244,-28.84572,-30.59606,-29.07298,-25.7721,-27.70955
9.21,-27.3192,-28.86578,-30.48798,-28.9727,-25.79395,-27.73416
9.22,-27.41516,-28.88688,-30.38659,-28.87849,-25.81861,-27.75991
9.23,-27.51209,-28.90906,-30.29122,-28.79018,-25.84604,-27.78683
9.24,-27.60979,-28.93238,-30.20116,-28.70761,-25.87621,-27.81493
9.25,-27.70804,-28.95688,-30.11572,-28.63062,-25.90907,-27.84424
9.26,-27.80663,-28.98261,-30.03423,-28.55906,-25.94458,-27.8748
9.27,-27.90534,-29.00963,-29.95603,-28.49275,-25.98268,-27.90663
9.28,-28.00394,-29.038,-29.88045,-28.43153,-26.02329,-27.93977
9.29,-28.10219,-29.06778,-29.80687,-28.37524,-26.06634,-27.97426
9.3,-28.19986,-29.09903,-29.73467,-28.3237,-26.11174,-28.01015
9.31,-28.2967,-29.13183,-29.66328,-28.27674,-26.15941,-28.04748
9.32,-28.39246,-29.16624,-29.59215,-28.23418,-26.20924,-28.0863
9.33,-28.4869,-29.20234,-29.52077,-28.19584,-26.26112,-28.12668
9.34,-28.57975,-29.24022,-29.44867,-28.16153,-26.31493,-28.16867
9.35,-28.67076,-29.27995,-29.37543,-28.13106,-26.37055,-28.21234
9.36,-28.75967,-29.32163,-29.30069,-28.10425,-26.42786,-28.25775
9.37,-28.84621,-29.36534,-29.22412,-28.08087,-26.48671,-28.305
9.38,-28.93013,-29.41117,-29.14546,-28.06073,-26.54697,-28.35415
9.39,-29.01117,-29.45922,-29.06449,-28.04362,-26.60848,-28.40529
9.4,-29.08906,-29.50961,-28.98107,-28.0293,-26.6711,-28.45852
9.41,-29.16355,-29.56242,-28.89508,-28.01754,-26.73466,-28.51393
9.42,-29.2344,-29.61776,-28.80647,-28.00812,-26.799,-28.57162
9.43,-29.30136,-29.67575,-28.71524,-28.00077,-26.86397,-28.63169
9.44,-29.36419,-29.7365,-28.62143,-27.99524,-26.92939,-28.69425
9.45,-29.42268,-29.80011,-28.52512,-27.99127,-26.9951,-28.75942
9.46,-29.4766,-29.86671,-28.42643,-27.98856,-27.06092,-28.8273
9.47,-29.52576,-29.9364,-28.32551,-27.98682,-27.12669,-28.89803
9.48,-29.56997,-30.00931,-28.22253,-27.98576,-27.19224,-28.9717
9.49,-29.60907,-30.08554,-28.1177,-27.98507,-27.2574,-29.04845
9.5,-29.64289,-30.16519,-28.01124,-27.98442,-27.322,-29.12839
9.51,-29.67132,-30.24838,-27.90336,-27.98348,-27.38588,-29.21163
9.52,-29.69423,-30.33519,-27.79431,-27.98191,-27.44888,-29.29827
9.53,-29.71154,-30.42572,-27.68434,-27.97936,-27.51085,-29.38842
9.54,-29.72317,-30.52004,-27.57367,-27.9755,-27.57164,-29.48216
9.55,-29.72909,-30.6182,-27.46256,-27.96997,-27.63111,-29.57955
9.56,-29.72927,-30.72025,-27.35124,-27.96242,-27.68913,-29.68066
9.57,-29.7237,-30.8262,-27.23993,-27.95252,-27.74558,-29.78551
9.58,-29.71241,-30.93604,-27.12887,-27.93993,-27.80035,-29.89409
9.59,-29.69544,-31.04973,-27.01824,-27.92435,-27.85334,-30.00637
9.6,-29.67286,-31.16719,-26.90826,-27.90547,-27.90445,-30.12226
9.61,-29.64475,-31.28829,-26.79911,-27.88302,-27.95362,-30.24163
9.62,-29.61122,-31.41284,-26.69096,-27.85677,-28.00079,-30.36428
9.63,-29.57239,-31.54062,-26.58398,-27.82651,-28.04591,-30.48996
9.64,-29.52839,-31.6713,-26.47829,-27.79205,-28.08895,-30.61832
9.65,-29.4794,-31.80449,-26.37405,-27.75328,-28.12989,-30.74892
9.66,-29.42556,-31.93973,-26.27137,-27.71011,-28.16875,-30.88125
9.67,-29.36706,-32.07644,-26.17036,-27.66249,-28.20552,-31.01465
9.68,-29.30409,-32.21393,-26.0711,-27.61044,-28.24026,-31.14837
9.69,-29.23686,-32.35143,-25.9737,-27.55399,-28.27299,-31.28153
9.7,-29.16556,-32.48802,-25.87821,-27.49327,-28.30379,-31.4131
9.71,-29.09041,-32.62268,-25.78471,-27.42839,-28.33272,-31.54194
9.72,-29.01163,-32.75426,-25.69324,-27.35954,-28.35986,-31.66677
9.73,-28.92943,-32.8815,-25.60386,-27.28693,-28.38531,-31.7862
9.74,-28.84405,-33.00306,-25.51658,-27.21081,-28.40918,-31.89875
9.75,-28.7557,-33.11748,-25.43144,-27.13143,-28.43155,-32.00284
9.76,-28.66461,-33.22328,-25.34846,-27.04909,-28.45255,-32.09688
9.77,-28.57101,-33.31895,-25.26765,-26.96407,-28.47228,-32.17927
9.78,-28.47512,-33.40299,-25.18902,-26.87668,-28.49084,-32.24849
9.79,-28.37718,-33.47399,-25.11257,-26.78722,-28.50834,-32.3031
9.8,-28.2774,-33.53066,-25.03828,-26.69599,-28.52486,-32.34187
9.81,-28.17602,-33.57187,-24.96616,-26.60327,-28.54048,-32.36376
9.82,-28.07325,-33.59673,-24.89618,-26.50933,-28.55528,-32.36803
9.83,-27.96931,-33.60461,-24.82832,-26.41444,-28.5693,-32.35425
9.84,-27.86444,-33.59517,-24.76258,-26.31883,-28.58256,-32.3223
9.85,-27.75886,-33.56839,-24.69891,-26.22273,-28.59509,-32.27241
9.86,-27.65278,-33.52454,-24.63729,-26.12632,-28.60686,-32.20513
9.87,-27.54644,-33.4642,-24.57768,-26.02977,-28.61783,-32.12129
9.88,-27.44005,-33.38821,-24.52007,-25.93326,-28.62794,-32.02199
9.89,-27.33384,-33.29763,-24.4644,-25.83689,-28.63709,-31.90849
9.9,-27.22804,-33.1937,-24.41064,-25.74078,-28.64517,-31.7822
9.91,-27.12287,-33.07777,-24.35876,-25.64503,-28.65204,-31.64464
9.92,-27.01857,-32.95128,-24.30871,-25.5497,-28.65753,-31.49733
9.93,-26.91536,-32.81567,-24.26045,-25.45485,-28.66145,-31.34178
9.94,-26.81347,-32.6724,-24.21395,-25.36052,-28.6636,-31.17947
9.95,-26.71313,-32.52283,-24.16915,-25.26674,-28.66375,-31.01178
9.96,-26.61457,-32.3683,-24.12601,-25.17353,-28.66168,-30.84001
9.97,-26.51802,-32.21001,-24.0845,-25.08089,-28.65715,-30.66533
9.98,-26.42371,-32.04909,-24.04456,-24.98884,-28.64992,-30.48882
9.99,-26.33185,-31.88652,-24.00616,-24.89737,-28.63977,-30.31141
10,-26.24266,-31.7232,-23.96925,-24.80647,-28.62646,-30.13393
10.01,-26.15634,-31.55991,-23.93379,-24.71614,-28.6098,-29.95712
10.02,-26.0731,-31.39733,-23.89973,-24.62637,-28.5896,-29.78159
10.03,-25.99311,-31.23602,-23.86703,-24.53717,-28.56569,-29.60785
10.04,-25.91654,-31.07649,-23.83566,-24.44851,-28.53795,-29.43637
10.05,-25.84354,-30.91912,-23.80556,-24.36041,-28.50629,-29.2675
10.06,-25.77424,-30.76427,-23.77671,-24.27288,-28.47064,-29.10155
10.07,-25.70875,-30.61219,-23.74905,-24.18591,-28.43097,-28.93875
10.08,-25.64714,-30.46312,-23.72255,-24.09954,-28.38732,-28.77929
10.09,-25.58945,-30.3172,-23.69717,-24.01378,-28.33973,-28.62333
10.1,-25.53572,-30.17458,-23.67287,-23.92865,-28.28829,-28.47098
10.11,-25.48591,-30.03534,-23.64963,-23.84421,-28.23315,-28.3223
10.12,-25.43997,-29.89953,-23.62739,-23.76049,-28.17447,-28.17735
10.13,-25.39784,-29.76721,-23.60613,-23.67755,-28.11243,-28.03616
10.14,-25.35937,-29.63837,-23.58582,-23.59544,-28.04728,-27.89872
10.15,-25.32443,-29.51303,-23.56642,-23.51422,-27.97925,-27.76504
10.16,-25.29282,-29.39115,-23.54791,-23.43397,-27.90862,-27.63508
10.17,-25.26433,-29.27271,-23.53024,-23.35477,-27.83566,-27.50882
10.18,-25.23873,-29.15766,-23.51341,-23.2767,-27.76067,-27.38619
10.19,-25.21574,-29.04596,-23.49737,-23.19984,-27.68395,-27.26716
10.2,-25.19508,-28.93755,-23.4821,-23.12429,-27.6058,-27.15165
10.21,-25.17646,-28.83236,-23.46758,-23.05013,-27.52652,-27.03961
10.22,-25.15956,-28.73033,-23.45379,-22.97747,-27.4464,-26.93095
10.23,-25.14409,-28.63139,-23.4407,-22.9064,-27.36574,-26.82561
10.24,-25.12972,-28.53545,-23.42829,-22.83703,-27.28482,-26.72352
10.25,-25.11615,-28.44244,-23.41655,-22.76944,-27.2039,-26.62457
10.26,-25.10308,-28.35228,-23.40545,-22.70374,-27.12323,-26.52871
10.27,-25.09023,-28.26487,-23.39499,-22.64001,-27.04306,-26.43584
10.28,-25.07733,-28.18014,-23.38515,-22.57836,-26.96361,-26.34588
10.29,-25.06412,-28.09799,-23.37591,-22.51886,-26.88509,-26.25874
10.3,-25.05038,-28.01833,-23.36727,-22.4616,-26.80768,-26.17434
10.31,-25.03591,-27.94108,-23.35922,-22.40666,-26.73155,-26.09259
10.32,-25.02052,-27.86614,-23.35174,-22.3541,-26.65687,-26.0134
10.33,-25.00406,-27.79343,-23.34483,-22.30399,-26.58377,-25.9367
10.34,-24.98639,-27.72285,-23.33849,-22.25638,-26.51237,-25.86239
10.35,-24.96741,-27.65431,-23.33271,-22.21133,-26.44279,-25.7904
10.36,-24.94702,-27.58773,-23.3275,-22.16887,-26.37511,-25.72063
10.37,-24.92518,-27.52302,-23.32285,-22.12904,-26.3094,-25.653
10.38,-24.90184,-27.4601,-23.31876,-22.09186,-26.24574,-25.58743
10.39,-24.87697,-27.39889,-23.31525,-22.05734,-26.18418,-25.52385
10.4,-24.85058,-27.3393,-23.31231,-22.0255,-26.12475,-25.46217
10.41,-24.82268,-27.28126,-23.30995,-21.99634,-26.06749,-25.40231
10.42,-24.79329,-27.22469,-23.30819,-21.96983,-26.0124,-25.34419
10.43,-24.76245,-27.16954,-23.30704,-21.94597,-25.9595,-25.28775
10.44,-24.73022,-27.11572,-23.3065,-21.92474,-25.9088,-25.23291
10.45,-24.69665,-27.06318,-23.3066,-21.9061,-25.86027,-25.17959
10.46,-24.66181,-27.01185,-23.30735,-21.89001,-25.81391,-25.12773
10.47,-24.62578,-26.96168,-23.30877,-21.87643,-25.7697,-25.07726
10.48,-24.58863,-26.91262,-23.31089,-21.86531,-25.72761,-25.02811
10.49,-24.55044,-26.8646,-23.31372,-21.85659,-25.6876,-24.98022
10.5,-24.5113,-26.81759,-23.3173,-21.85021,-25.64965,-24.93353
10.51,-24.47129,-26.77154,-23.32165,-21.84612,-25.61371,-24.88797
10.52,-24.43051,-26.7264,-23.3268,-21.84424,-25.57975,-24.8435
10.53,-24.38903,-26.68214,-23.33279,-21.84449,-25.54771,-24.80005
10.54,-24.34694,-26.63872,-23.33964,-21.84682,-25.51755,-24.75757
10.55,-24.30433,-26.5961,-23.3474,-21.85113,-25.48922,-24.71601
10.56,-24.26129,-26.55426,-23.3561,-21.85736,-25.46268,-24.67532
10.57,-24.21788,-26.51315,-23.36579,-21.86542,-25.43786,-24.63546
10.58,-24.17419,-26.47276,-23.3765,-21.87524,-25.41473,-24.59637
10.59,-24.13031,-26.43305,-23.38829,-21.88673,-25.39322,-24.55803
10.6,-24.08629,-26.394,-23.40119,-21.89981,-25.3733,-24.52038
10.61,-24.04222,-26.35559,-23.41526,-21.9144,-25.35489,-24.48339
10.62,-23.99815,-26.3178,-23.43055,-21.93042,-25.33797,-24.44703
10.63,-23.95417,-26.28061,-23.4471,-21.94779,-25.32247,-24.41126
10.64,-23.91032,-26.24399,-23.46498,-21.96643,-25.30835,-24.37605
10.65,-23.86667,-26.20793,-23.48424,-21.98627,-25.29556,-24.34137
10.66,-23.82327,-26.17241,-23.50493,-22.00722,-25.28406,-24.30718
10.67,-23.78019,-26.13742,-23.52712,-22.02921,-25.27379,-24.27348
10.68,-23.73746,-26.10295,-23.55086,-22.05217,-25.26472,-24.24023
10.69,-23.69514,-26.06898,-23.5762,-22.07603,-25.2568,-24.20741
10.7,-23.65328,-26.03549,-23.60322,-22.1007,-25.25,-24.175
10.71,-23.61192,-26.00249,-23.63197,-22.12614,-25.24427,-24.14299
10.72,-23.5711,-25.96995,-23.66251,-22.15227,-25.23957,-24.11135
10.73,-23.53085,-25.93786,-23.6949,-22.17902,-25.23588,-24.08008
10.74,-23.49123,-25.90622,-23.7292,-22.20633,-25.23315,-24.04915
10.75,-23.45225,-25.87502,-23.76547,-22.23415,-25.23136,-24.01857
10.76,-23.41395,-25.84425,-23.80376,-22.26242,-25.23048,-23.98831
10.77,-23.37637,-25.81389,-23.84413,-22.29107,-25.23047,-23.95837
10.78,-23.33953,-25.78396,-23.88663,-22.32006,-25.23132,-23.92875
10.79,-23.30345,-25.75443,-23.93132,-22.34933,-25.23299,-23.89944
10.8,-23.26817,-25.7253,-23.97823,-22.37884,-25.23546,-23.87043
10.81,-23.23371,-25.69657,-24.02742,-22.40853,-25.23872,-23.84172
10.82,-23.20009,-25.66823,-24.07891,-22.43837,-25.24275,-23.81332
10.83,-23.16732,-25.64027,-24.13275,-22.46831,-25.24752,-23.78521
10.84,-23.13544,-25.61269,-24.18897,-22.49831,-25.25302,-23.75741
10.85,-23.10445,-25.58549,-24.24758,-22.52833,-25.25924,-23.72992
10.86,-23.07437,-25.55866,-24.3086,-22.55834,-25.26616,-23.70274
10.87,-23.04522,-25.5322,-24.37206,-22.5883,-25.27378,-23.67587
10.88,-23.01702,-25.50611,-24.43794,-22.61817,-25.28209,-23.64932
10.89,-22.98977,-25.48037,-24.50624,-22.64794,-25.29107,-23.6231
10.9,-22.96349,-25.455,-24.57696,-22.67756,-25.30073,-23.59721
10.91,-22.93819,-25.42998,-24.65008,-22.70703,-25.31105,-23.57167
10.92,-22.91389,-25.40532,-24.72556,-22.7363,-25.32204,-23.54649
10.93,-22.89058,-25.381,-24.80336,-22.76536,-25.3337,-23.52167
10.94,-22.86828,-25.35704,-24.88345,-22.79419,-25.34602,-23.49723
10.95,-22.847,-25.33342,-24.96576,-22.82278,-25.359,-23.47318
10.96,-22.82674,-25.31015,-25.05023,-22.85109,-25.37266,-23.44954
10.97,-22.80751,-25.28723,-25.13679,-22.87913,-25.38699,-23.42632
10.98,-22.78932,-25.26465,-25.22534,-22.90688,-25.402,-23.40353
10.99,-22.77218,-25.24241,-25.3158,-22.93432,-25.41769,-23.3812
11,-22.75608,-25.22051,-25.40806,-22.96145,-25.43408,-23.35933
11.01,-22.74103,-25.19895,-25.502,-22.98825,-25.45117,-23.33796
11.02,-22.72704,-25.17773,-25.59751,-23.01473,-25.46897,-23.31709
11.03,-22.7141,-25.15685,-25.69445,-23.04088,-25.4875,-23.29675
11.04,-22.70223,-25.13631,-25.79269,-23.0667,-25.50676,-23.27695
11.05,-22.69142,-25.1161,-25.89208,-23.09218,-25.52677,-23.25773
11.06,-22.68168,-25.09623,-25.99246,-23.11733,-25.54754,-23.23909
11.07,-22.673,-25.0767,-26.09368,-23.14214,-25.56909,-23.22107
11.08,-22.6654,-25.0575,-26.19557,-23.16662,-25.59144,-23.20369
11.09,-22.65886,-25.03864,-26.29797,-23.19078,-25.61459,-23.18697
11.1,-22.6534,-25.02011,-26.40068,-23.21461,-25.63857,-23.17094
11.11,-22.64901,-25.00191,-26.50355,-23.23814,-25.66339,-23.15563
11.12,-22.64569,-24.98404,-26.60639,-23.26135,-25.68908,-23.14105
11.13,-22.64344,-24.96651,-26.70901,-23.28428,-25.71564,-23.12725
11.14,-22.64227,-24.9493,-26.81124,-23.30692,-25.74311,-23.11424
11.15,-22.64216,-24.93243,-26.9129,-23.32928,-25.77149,-23.10206
11.16,-22.64313,-24.91588,-27.0138,-23.35139,-25.80082,-23.09074
11.17,-22.64517,-24.89965,-27.11377,-23.37325,-25.8311,-23.08031
11.18,-22.64828,-24.88375,-27.21265,-23.39488,-25.86236,-23.07081
11.19,-22.65245,-24.86817,-27.31025,-23.4163,-25.89462,-23.06226
11.2,-22.6577,-24.85291,-27.40642,-23.43752,-25.9279,-23.05469
11.21,-22.66401,-24.83796,-27.501,-23.45856,-25.96221,-23.04816
11.22,-22.67139,-24.82333,-27.59385,-23.47944,-25.99759,-23.04268
11.23,-22.67983,-24.809,-27.68483,-23.50018,-26.03404,-23.0383
11.24,-22.68933,-24.79498,-27.7738,-23.5208,-26.07159,-23.03506
11.25,-22.6999,-24.78125,-27.86064,-23.54132,-26.11026,-23.03299
11.26,-22.71152,-24.76782,-27.94524,-23.56177,-26.15006,-23.03214
11.27,-22.72421,-24.75468,-28.02751,-23.58216,-26.19102,-23.03254
11.28,-22.73795,-24.74181,-28.10735,-23.60253,-26.23314,-23.03424
11.29,-22.75275,-24.72922,-28.18469,-23.62289,-26.27645,-23.03729
11.3,-22.7686,-24.7169,-28.25946,-23.64328,-26.32097,-23.04172
11.31,-22.7855,-24.70484,-28.3316,-23.66371,-26.3667,-23.04759
11.32,-22.80345,-24.69302,-28.40108,-23.68422,-26.41366,-23.05494
11.33,-22.82245,-24.68144,-28.46787,-23.70483,-26.46186,-23.06382
11.34,-22.8425,-24.6701,-28.53194,-23.72556,-26.51132,-23.07428
11.35,-22.86359,-24.65897,-28.59329,-23.74646,-26.56204,-23.08637
11.36,-22.88573,-24.64805,-28.65191,-23.76754,-26.61404,-23.10014
11.37,-22.9089,-24.63732,-28.70783,-23.78884,-26.66732,-23.11565
11.38,-22.93312,-24.62677,-28.76107,-23.81039,-26.72188,-23.13295
11.39,-22.95837,-24.61639,-28.81165,-23.83221,-26.77775,-23.1521
11.4,-22.98466,-24.60616,-28.85962,-23.85435,-26.8349,-23.17315
11.41,-23.01199,-24.59607,-28.90502,-23.87682,-26.89336,-23.19618
11.42,-23.04034,-24.5861,-28.94792,-23.89967,-26.95312,-23.22122
11.43,-23.06973,-24.57624,-28.98837,-23.92292,-27.01418,-23.24836
11.44,-23.10014,-24.56647,-29.02645,-23.94661,-27.07653,-23.27765
11.45,-23.13158,-24.55677,-29.06222,-23.97077,-27.14017,-23.30916
11.46,-23.16404,-24.54714,-29.09576,-23.99544,-27.20509,-23.34295
11.47,-23.19752,-24.53754,-29.12715,-24.02065,-27.27129,-23.37908
11.48,-23.23202,-24.52798,-29.15648,-24.04642,-27.33875,-23.41764
11.49,-23.26754,-24.51842,-29.18384,-24.07281,-27.40747,-23.45868
11.5,-23.30407,-24.50886,-29.2093,-24.09984,-27.47742,-23.50227
11.51,-23.34161,-24.49929,-29.23297,-24.12754,-27.5486,-23.54849
11.52,-23.38016,-24.48968,-29.25493,-24.15595,-27.62098,-23.59741
11.53,-23.41972,-24.48003,-29.27528,-24.18511,-27.69455,-23.64909
11.54,-23.46028,-24.47033,-29.29409,-24.21505,-27.76928,-23.70361
11.55,-23.50184,-24.46058,-29.31146,-24.2458,-27.84516,-23.76104
11.56,-23.5444,-24.45076,-29.32749,-24.2774,-27.92215,-23.82144
11.57,-23.58795,-24.44087,-29.34225,-24.30987,-28.00023,-23.88488
11.58,-23.6325,-24.43091,-29.35583,-24.34326,-28.07937,-23.95144
11.59,-23.67803,-24.42088,-29.36831,-24.37759,-28.15955,-24.02117
11.6,-23.72454,-24.4108,-29.37978,-24.4129,-28.24073,-24.09413
11.61,-23.77203,-24.40066,-29.39031,-24.44921,-28.32288,-24.17038
11.62,-23.8205,-24.39049,-29.39999,-24.48656,-28.40596,-24.24997
11.63,-23.86994,-24.38029,-29.40888,-24.52496,-28.48993,-24.33294
11.64,-23.92034,-24.3701,-29.41705,-24.56445,-28.57477,-24.41934
11.65,-23.97171,-24.35994,-29.42457,-24.60504,-28.66043,-24.50919
11.66,-24.02404,-24.34984,-29.43152,-24.64676,-28.74687,-24.60252
11.67,-24.07732,-24.33984,-29.43794,-24.68963,-28.83406,-24.69933
11.68,-24.13154,-24.32997,-29.44391,-24.73365,-28.92194,-24.79962
11.69,-24.18671,-24.3203,-29.44947,-24.77885,-29.01048,-24.90337
11.7,-24.24282,-24.31087,-29.45469,-24.82523,-29.09962,-25.01055
11.71,-24.29986,-24.30173,-29.45961,-24.8728,-29.18934,-25.1211
11.72,-24.35782,-24.29296,-29.46428,-24.92156,-29.27958,-25.23494
11.73,-24.41671,-24.28462,-29.46875,-24.97149,-29.37029,-25.35198
11.74,-24.4765,-24.27678,-29.47306,-25.0226,-29.46143,-25.47208
11.75,-24.5372,-24.26953,-29.47725,-25.07487,-29.55294,-25.59509
11.76,-24.59881,-24.26294,-29.48137,-25.12828,-29.64479,-25.72081
11.77,-24.6613,-24.25711,-29.48544,-25.18281,-29.73693,-25.84902
11.78,-24.72468,-24.25212,-29.4895,-25.23842,-29.8293,-25.97946
11.79,-24.78894,-24.24808,-29.49358,-25.29507,-29.92185,-26.11181
11.8,-24.85407,-24.24506,-29.49772,-25.35273,-30.01454,-26.24571
11.81,-24.92007,-24.24318,-29.50194,-25.41134,-30.10732,-26.38078
11.82,-24.98691,-24.24254,-29.50626,-25.47084,-30.20013,-26.51656
11.83,-25.05461,-24.24323,-29.51071,-25.53117,-30.29294,-26.65256
11.84,-25.12314,-24.24536,-29.51531,-25.59226,-30.38568,-26.78822
11.85,-25.1925,-24.24903,-29.52007,-25.65402,-30.47832,-26.92295
11.86,-25.26269,-24.25435,-29.52503,-25.71638,-30.5708,-27.05611
11.87,-25.33368,-24.26139,-29.53019,-25.77925,-30.66309,-27.18701
11.88,-25.40548,-24.27028,-29.53557,-25.84253,-30.75512,-27.31494
11.89,-25.47807,-24.28109,-29.54119,-25.90611,-30.84685,-27.43914
11.9,-25.55144,-24.29392,-29.54705,-25.96989,-30.93824,-27.55886
11.91,-25.62559,-24.30885,-29.55317,-26.03377,-31.02925,-27.67331
11.92,-25.7005,-24.32596,-29.55956,-26.09762,-31.11982,-27.78175
11.93,-25.77617,-24.34532,-29.56622,-26.16133,-31.20993,-27.88343
11.94,-25.85258,-24.36701,-29.57317,-26.22478,-31.29951,-27.97765
11.95,-25.92972,-24.39108,-29.58041,-26.28786,-31.38854,-28.06377
11.96,-26.00758,-24.41759,-29.58795,-26.35045,-31.47697,-28.14122
11.97,-26.08616,-24.44659,-29.59579,-26.41242,-31.56476,-28.20953
11.98,-26.16544,-24.47812,-29.60393,-26.47368,-31.65188,-28.26832
11.99,-26.24542,-24.51221,-29.61238,-26.5341,-31.73829,-28.31734
12,-26.32607,-24.54889,-29.62114,-26.59358,-31.82396,-28.35643
12.01,-26.40739,-24.58818,-29.63022,-26.65203,-31.90884,-28.3856
12.02,-26.48937,-24.63008,-29.63961,-26.70934,-31.99292,-28.40494
12.03,-26.57199,-24.67459,-29.64931,-26.76543,-32.07615,-28.41468
12.04,-26.65526,-24.72173,-29.65933,-26.82022,-32.15851,-28.41516
12.05,-26.73914,-24.77147,-29.66966,-26.87364,-32.23997,-28.40682
12.06,-26.82365,-24.82379,-29.6803,-26.92563,-32.32051,-28.39018
12.07,-26.90875,-24.87867,-29.69125,-26.97613,-32.4001,-28.36584
12.08,-26.99444,-24.93609,-29.70251,-27.02511,-32.47871,-28.33443
12.09,-27.08072,-24.996,-29.71408,-27.07252,-32.55633,-28.29663
12.1,-27.16756,-25.05836,-29.72594,-27.11836,-32.63294,-28.25315
12.11,-27.25496,-25.12313,-29.73811,-27.16259,-32.70851,-28.20469
12.12,-27.3429,-25.19026,-29.75057,-27.20521,-32.78304,-28.15195
12.13,-27.43138,-25.25968,-29.76332,-27.24624,-32.8565,-28.09561
12.14,-27.52038,-25.33135,-29.77635,-27.28567,-32.92888,-28.03632
12.15,-27.60989,-25.40519,-29.78967,-27.32352,-33.00018,-27.9747
12.16,-27.6999,-25.48115,-29.80327,-27.35983,-33.07038,-27.91134
12.17,-27.7904,-25.55916,-29.81713,-27.39463,-33.13948,-27.84676
12.18,-27.88138,-25.63915,-29.83127,-27.42794,-33.20746,-27.78146
12.19,-27.97283,-25.72104,-29.84566,-27.45982,-33.27433,-27.71589
12.2,-28.06473,-25.80477,-29.86032,-27.49031,-33.34008,-27.65044
12.21,-28.15708,-25.89027,-29.87522,-27.51946,-33.4047,-27.58548
12.22,-28.24986,-25.97745,-29.89037,-27.54733,-33.4682,-27.52133
12.23,-28.34306,-26.06625,-29.90575,-27.57397,-33.53058,-27.45825
12.24,-28.43668,-26.1566,-29.92137,-27.59944,-33.59184,-27.39648
12.25,-28.5307,-26.24842,-29.93721,-27.6238,-33.65199,-27.33624
12.26,-28.6251,-26.34164,-29.95328,-27.6471,-33.71102,-27.27768
12.27,-28.71989,-26.4362,-29.96956,-27.66941,-33.76895,-27.22097
12.28,-28.81505,-26.53201,-29.98605,-27.69078,-33.82578,-27.1662
12.29,-28.91058,-26.62901,-30.00273,-27.71128,-33.88153,-27.11348
12.3,-29.00645,-26.72713,-30.01962,-27.73095,-33.93619,-27.06289
12.31,-29.10266,-26.82631,-30.03669,-27.74987,-33.98979,-27.01446
12.32,-29.1992,-26.92649,-30.05395,-27.76807,-34.04234,-26.96825
12.33,-29.29606,-27.02759,-30.07138,-27.78561,-34.09384,-26.92427
12.34,-29.39324,-27.12956,-30.08899,-27.80255,-34.14431,-26.88253
12.35,-29.49071,-27.23234,-30.10675,-27.81893,-34.19377,-26.84304
12.36,-29.58848,-27.33588,-30.12468,-27.8348,-34.24223,-26.80578
12.37,-29.68654,-27.44011,-30.14276,-27.8502,-34.28971,-26.77073
12.38,-29.78486,-27.54498,-30.16098,-27.86517,-34.33622,-26.73787
12.39,-29.88346,-27.65045,-30.17934,-27.87975,-34.38178,-26.70717
12.4,-29.98231,-27.75645,-30.19783,-27.89398,-34.42641,-26.67858
12.41,-30.0814,-27.86295,-30.21646,-27.9079,-34.47012,-26.65208
12.42,-30.18074,-27.9699,-30.2352,-27.92153,-34.51294,-26.6276
12.43,-30.28031,-28.07725,-30.25406,-27.93491,-34.55489,-26.60512
12.44,-30.38011,-28.18496,-30.27303,-27.94806,-34.59597,-26.58458
12.45,-30.48011,-28.29299,-30.2921,-27.96101,-34.63622,-26.56592
12.46,-30.58033,-28.40129,-30.31127,-27.97379,-34.67566,-26.5491
12.47,-30.68075,-28.50985,-30.33053,-27.98642,-34.71429,-26.53407
12.48,-30.78136,-28.61861,-30.34988,-27.99891,-34.75215,-26.52077
12.49,-30.88216,-28.72754,-30.36931,-28.0113,-34.78925,-26.50915
12.5,-30.98313,-28.83661,-30.38882,-28.02358,-34.82561,-26.49915
12.51,-31.08428,-28.94579,-30.40839,-28.03579,-34.86126,-26.49073
12.52,-31.18558,-29.05506,-30.42804,-28.04793,-34.89621,-26.48383
12.53,-31.28705,-29.16437,-30.44774,-28.06001,-34.93048,-26.47841
12.54,-31.38867,-29.27371,-30.4675,-28.07206,-34.96409,-26.4744
12.55,-31.49043,-29.38305,-30.48731,-28.08407,-34.99707,-26.47176
12.56,-31.59233,-29.49237,-30.50717,-28.09606,-35.02943,-26.47045
12.57,-31.69437,-29.60164,-30.52706,-28.10804,-35.06119,-26.47041
12.58,-31.79653,-29.71084,-30.54699,-28.12001,-35.09237,-26.4716
12.59,-31.89881,-29.81995,-30.56696,-28.13198,-35.12299,-26.47397
12.6,-32.0012,-29.92895,-30.58695,-28.14395,-35.15306,-26.47748
12.61,-32.10371,-30.03782,-30.60696,-28.15594,-35.18262,-26.48209
12.62,-32.20631,-30.14655,-30.627,-28.16793,-35.21167,-26.48775
12.63,-32.30902,-30.25512,-30.64704,-28.17995,-35.24023,-26.49442
12.64,-32.41182,-30.3635,-30.6671,-28.19199,-35.26833,-26.50207
12.65,-32.51471,-30.4717,-30.68716,-28.20404,-35.29597,-26.51065
12.66,-32.61768,-30.57969,-30.70723,-28.21613,-35.32317,-26.52012
12.67,-32.72073,-30.68745,-30.72729,-28.22823,-35.34996,-26.53046
12.68,-32.82385,-30.79499,-30.74735,-28.24037,-35.37634,-26.54163
12.69,-32.92704,-30.90228,-30.7674,-28.25252,-35.40233,-26.55359
12.7,-33.0303,-31.00931,-30.78744,-28.26471,-35.42795,-26.5663
12.71,-33.13362,-31.11608,-30.80746,-28.27692,-35.45322,-26.57975
12.72,-33.23699,-31.22257,-30.82746,-28.28916,-35.47814,-26.59389
12.73,-33.34042,-31.32877,-30.84744,-28.30142,-35.50273,-26.6087
12.74,-33.4439,-31.43468,-30.86739,-28.31371,-35.52701,-26.62415
12.75,-33.54742,-31.54029,-30.88732,-28.32602,-35.55098,-26.64021
12.76,-33.65099,-31.64559,-30.90721,-28.33835,-35.57467,-26.65686
12.77,-33.75459,-31.75057,-30.92706,-28.3507,-35.59808,-26.67406
12.78,-33.85822,-31.85522,-30.94688,-28.36307,-35.62123,-26.6918
12.79,-33.96189,-31.95954,-30.96666,-28.37545,-35.64412,-26.71005
12.8,-34.06559,-32.06353,-30.98639,-28.38785,-35.66678,-26.72879
12.81,-34.16931,-32.16717,-31.00608,-28.40026,-35.6892,-26.74799
12.82,-34.27305,-32.27046,-31.02572,-28.41268,-35.71141,-26.76763
12.83,-34.37681,-32.3734,-31.0453,-28.42511,-35.73341,-26.7877
12.84,-34.48058,-32.47599,-31.06484,-28.43755,-35.75521,-26.80817
12.85,-34.58437,-32.57821,-31.08431,-28.44999,-35.77682,-26.82902
12.86,-34.68817,-32.68006,-31.10373,-28.46243,-35.79826,-26.85023
12.87,-34.79198,-32.78155,-31.12309,-28.47487,-35.81952,-26.87179
12.88,-34.89579,-32.88266,-31.14238,-28.48731,-35.84062,-26.89368
12.89,-34.99961,-32.98339,-31.16161,-28.49974,-35.86157,-26.91588
12.9,-35.10342,-33.08375,-31.18078,-28.51217,-35.88237,-26.93837
12.91,-35.20724,-33.18373,-31.19987,-28.52458,-35.90304,-26.96115
12.92,-35.31105,-33.28332,-31.2189,-28.53698,-35.92358,-26.98418
12.93,-35.41485,-33.38252,-31.23785,-28.54937,-35.94399,-27.00747
12.94,-35.51865,-33.48133,-31.25673,-28.56174,-35.96429,-27.031
12.95,-35.62243,-33.57976,-31.27553,-28.5741,-35.98447,-27.05474
12.96,-35.72621,-33.67779,-31.29425,-28.58643,-36.00456,-27.0787
12.97,-35.82997,-33.77542,-31.3129,-28.59873,-36.02454,-27.10285
12.98,-35.93371,-33.87266,-31.33146,-28.61102,-36.04444,-27.12719
12.99,-36.03743,-33.9695,-31.34994,-28.62327,-36.06425,-27.15169
13,-36.14114,-34.06595,-31.36834,-28.6355,-36.08397,-27.17637
13.01,-36.24482,-34.16199,-31.38665,-28.64769,-36.10363,-27.20119
13.02,-36.34849,-34.25764,-31.40488,-28.65985,-36.12321,-27.22615
13.03,-36.45212,-34.35288,-31.42302,-28.67198,-36.14272,-27.25124
13.04,-36.55573,-34.44772,-31.44107,-28.68407,-36.16217,-27.27645
13.05,-36.65932,-34.54216,-31.45904,-28.69612,-36.18156,-27.30178
13.06,-36.76287,-34.6362,-31.47691,-28.70812,-36.2009,-27.3272
13.07,-36.8664,-34.72983,-31.49469,-28.72009,-36.22019,-27.35272
13.08,-36.96989,-34.82306,-31.51237,-28.73201,-36.23943,-27.37832
13.09,-37.07335,-34.91588,-31.52997,-28.74388,-36.25863,-27.404
13.1,-37.17678,-35.0083,-31.54746,-28.75571,-36.27778,-27.42975
13.11,-37.28016,-35.10032,-31.56487,-28.76749,-36.2969,-27.45556
13.12,-37.38352,-35.19193,-31.58217,-28.77922,-36.31599,-27.48142
13.13,-37.48683,-35.28314,-31.59938,-28.79089,-36.33504,-27.50733
13.14,-37.5901,-35.37394,-31.61649,-28.80251,-36.35406,-27.53328
13.15,-37.69334,-35.46433,-31.6335,-28.81408,-36.37306,-27.55926
13.16,-37.79652,-35.55432,-31.65042,-28.82559,-36.39203,-27.58528
13.17,-37.89967,-35.64391,-31.66723,-28.83704,-36.41097,-27.61131
13.18,-38.00277,-35.73309,-31.68394,-28.84843,-36.4299,-27.63736
13.19,-38.10583,-35.82187,-31.70055,-28.85977,-36.44881,-27.66342
13.2,-38.20883,-35.91025,-31.71706,-28.87104,-36.4677,-27.68948
13.21,-38.31179,-35.99822,-31.73347,-28.88225,-36.48657,-27.71554
13.22,-38.4147,-36.08579,-31.74977,-28.8934,-36.50543,-27.7416
13.23,-38.51756,-36.17296,-31.76598,-28.90448,-36.52428,-27.76764
13.24,-38.62036,-36.25972,-31.78207,-28.91549,-36.54311,-27.79368
13.25,-38.72311,-36.34608,-31.79807,-28.92645,-36.56194,-27.81969
13.26,-38.82581,-36.43204,-31.81396,-28.93733,-36.58075,-27.84567
13.27,-38.92845,-36.5176,-31.82974,-28.94814,-36.59956,-27.87163
13.28,-39.03103,-36.60276,-31.84542,-28.95889,-36.61836,-27.89756
13.29,-39.13355,-36.68752,-31.861,-28.96957,-36.63715,-27.92346
13.3,-39.23601,-36.77188,-31.87647,-28.98017,-36.65594,-27.94931
13.31,-39.33841,-36.85584,-31.89183,-28.99071,-36.67472,-27.97512
13.32,-39.44074,-36.9394,-31.90709,-29.00117,-36.6935,-28.00088
13.33,-39.54301,-37.02256,-31.92224,-29.01156,-36.71227,-28.0266
13.34,-39.64521,-37.10533,-31.93729,-29.02188,-36.73105,-28.05226
13.35,-39.74734,-37.1877,-31.95223,-29.03213,-36.74981,-28.07786
13.36,-39.8494,-37.26967,-31.96706,-29.0423,-36.76858,-28.10341
13.37,-39.95139,-37.35124,-31.98179,-29.05239,-36.78734,-28.12889
13.38,-40.05331,-37.43242,-31.99641,-29.06241,-36.8061,-28.15431
13.39,-40.15514,-37.51321,-32.01093,-29.07236,-36.82486,-28.17967
13.4,-40.2569,-37.5936,-32.02534,-29.08223,-36.84362,-28.20495
13.41,-40.35858,-37.6736,-32.03964,-29.09202,-36.86237,-28.23017
13.42,-40.46018,-37.7532,-32.05383,-29.10173,-36.88113,-28.25531
13.43,-40.56169,-37.83241,-32.06792,-29.11137,-36.89988,-28.28037
13.44,-40.66312,-37.91123,-32.08191,-29.12094,-36.91863,-28.30536
13.45,-40.76445,-37.98966,-32.09578,-29.13042,-36.93738,-28.33026
13.46,-40.8657,-38.06769,-32.10955,-29.13982,-36.95613,-28.35508
13.47,-40.96685,-38.14534,-32.12322,-29.14915,-36.97488,-28.37982
13.48,-41.0679,-38.22259,-32.13677,-29.1584,-36.99362,-28.40448
13.49,-41.16886,-38.29946,-32.15023,-29.16757,-37.01236,-28.42905
13.5,-41.26971,-38.37593,-32.16357,-29.17667,-37.0311,-28.45352
13.51,-41.37045,-38.45202,-32.17681,-29.18568,-37.04984,-28.47791
13.52,-41.47109,-38.52772,-32.18995,-29.19461,-37.06858,-28.50221
13.53,-41.57161,-38.60303,-32.20298,-29.20347,-37.08731,-28.52641
13.54,-41.67202,-38.67796,-32.2159,-29.21224,-37.10604,-28.55052
13.55,-41.77231,-38.7525,-32.22872,-29.22094,-37.12477,-28.57453
13.56,-41.87248,-38.82665,-32.24144,-29.22956,-37.14349,-28.59845
13.57,-41.97252,-38.90041,-32.25405,-29.2381,-37.16221,-28.62227
13.58,-42.07243,-38.9738,-32.26656,-29.24656,-37.18092,-28.64599
13.59,-42.1722,-39.04679,-32.27896,-29.25494,-37.19963,-28.66961
13.6,-42.27184,-39.11941,-32.29126,-29.26324,-37.21833,-28.69312
13.61,-42.37133,-39.19163,-32.30345,-29.27146,-37.23703,-28.71654
13.62,-42.47068,-39.26348,-32.31555,-29.2796,-37.25572,-28.73985
13.63,-42.56987,-39.33494,-32.32754,-29.28767,-37.2744,-28.76306
13.64,-42.66891,-39.40602,-32.33942,-29.29565,-37.29308,-28.78617
13.65,-42.76778,-39.47672,-32.35121,-29.30356,-37.31175,-28.80917
13.66,-42.86649,-39.54703,-32.36289,-29.31138,-37.33041,-28.83206
13.67,-42.96502,-39.61697,-32.37447,-29.31913,-37.34907,-28.85485
13.68,-43.06338,-39.68652,-32.38595,-29.3268,-37.36771,-28.87753
13.69,-43.16155,-39.75569,-32.39733,-29.33439,-37.38635,-28.90011
13.7,-43.25953,-39.82448,-32.40861,-29.3419,-37.40497,-28.92257
13.71,-43.35731,-39.89289,-32.41979,-29.34934,-37.42359,-28.94493
13.72,-43.45488,-39.96093,-32.43087,-29.3567,-37.4422,-28.96718
13.73,-43.55225,-40.02858,-32.44185,-29.36398,-37.46079,-28.98932
13.74,-43.6494,-40.09585,-32.45273,-29.37118,-37.47937,-29.01134
13.75,-43.74632,-40.16275,-32.46351,-29.3783,-37.49795,-29.03326
13.76,-43.84302,-40.22927,-32.47419,-29.38535,-37.5165,-29.05507
13.77,-43.93947,-40.29541,-32.48478,-29.39232,-37.53505,-29.07677
13.78,-44.03567,-40.36117,-32.49526,-29.39922,-37.55358,-29.09836
13.79,-44.13162,-40.42655,-32.50566,-29.40604,-37.5721,-29.11983
13.8,-44.2273,-40.49156,-32.51595,-29.41278,-37.5906,-29.1412
13.81,-44.32272,-40.55619,-32.52615,-29.41945,-37.60909,-29.16245
13.82,-44.41784,-40.62045,-32.53625,-29.42604,-37.62757,-29.18359
13.83,-44.51268,-40.68432,-32.54625,-29.43256,-37.64602,-29.20462
13.84,-44.60722,-40.74783,-32.55616,-29.439,-37.66446,-29.22554
13.85,-44.70144,-40.81095,-32.56598,-29.44537,-37.68289,-29.24634
13.86,-44.79534,-40.8737,-32.5757,-29.45166,-37.7013,-29.26704
13.87,-44.88892,-40.93608,-32.58532,-29.45788,-37.71969,-29.28762
13.88,-44.98215,-40.99808,-32.59486,-29.46403,-37.73806,-29.30809
13.89,-45.07502,-41.05971,-32.6043,-29.4701,-37.75641,-29.32845
13.9,-45.16754,-41.12096,-32.61365,-29.4761,-37.77475,-29.34869
13.91,-45.25967,-41.18184,-32.6229,-29.48203,-37.79306,-29.36883
13.92,-45.35142,-41.24235,-32.63207,-29.48788,-37.81135,-29.38885
13.93,-45.44277,-41.30248,-32.64114,-29.49367,-37.82963,-29.40876
13.94,-45.53371,-41.36224,-32.65012,-29.49938,-37.84788,-29.42856
13.95,-45.62422,-41.42163,-32.65901,-29.50502,-37.86611,-29.44825
13.96,-45.7143,-41.48064,-32.66781,-29.51059,-37.88432,-29.46783
13.97,-45.80392,-41.53928,-32.67653,-29.51609,-37.90251,-29.4873
13.98,-45.89308,-41.59755,-32.68515,-29.52152,-37.92068,-29.50665
13.99,-45.98176,-41.65545,-32.69368,-29.52688,-37.93882,-29.5259
14,-46.06994,-41.71297,-32.70213,-29.53217,-37.95694,-29.54503
