Freq [GHz],S12,S13,S14,S23,S24,S34
1,-30.22987,-32.29528,-31.63476,-31.5826,-31.19089,-33.2009
1.01,-30.15974,-32.17401,-31.63626,-31.51895,-31.13899,-33.07241
1.02,-30.09015,-32.05298,-31.63927,-31.45576,-31.08821,-32.94364
1.03,-30.02109,-31.93221,-31.64377,-31.39303,-31.03854,-32.81464
1.04,-29.95256,-31.8117,-31.64974,-31.33076,-30.98997,-32.68543
1.05,-29.88458,-31.69144,-31.65717,-31.26894,-30.94247,-32.55605
1.06,-29.81713,-31.57144,-31.66604,-31.20759,-30.89604,-32.42652
1.07,-29.75023,-31.4517,-31.67633,-31.1467,-30.85066,-32.29688
1.08,-29.68388,-31.33222,-31.68803,-31.08627,-30.80632,-32.16714
1.09,-29.61808,-31.21301,-31.70112,-31.0263,-30.76299,-32.03734
1.1,-29.55283,-31.09405,-31.71559,-30.96681,-30.72068,-31.9075
1.11,-29.48813,-30.97537,-31.7314,-30.90778,-30.67936,-31.77765
1.12,-29.42398,-30.85695,-31.74856,-30.84922,-30.63902,-31.64781
1.13,-29.36039,-30.73879,-31.76702,-30.79113,-30.59965,-31.518
1.14,-29.29736,-30.62091,-31.78678,-30.73352,-30.56123,-31.38825
1.15,-29.23489,-30.5033,-31.80781,-30.67639,-30.52376,-31.25857
1.16,-29.17297,-30.38596,-31.83009,-30.61973,-30.48722,-31.129
1.17,-29.11161,-30.26889,-31.85359,-30.56356,-30.4516,-30.99954
1.18,-29.05082,-30.1521,-31.87829,-30.50787,-30.41689,-30.87023
1.19,-28.99058,-30.03559,-31.90415,-30.45267,-30.38306,-30.74107
1.2,-28.93091,-29.91936,-31.93115,-30.39796,-30.35012,-30.61208
1.21,-28.8718,-29.8034,-31.95927,-30.34374,-30.31805,-30.48329
1.22,-28.81325,-29.68773,-31.98845,-30.29002,-30.28684,-30.35471
1.23,-28.75526,-29.57234,-32.01868,-30.2368,-30.25647,-30.22635
1.24,-28.69784,-29.45724,-32.04991,-30.18409,-30.22694,-30.09823
1.25,-28.64097,-29.34242,-32.08211,-30.13187,-30.19822,-29.97036
1.26,-28.58467,-29.22789,-32.11522,-30.08018,-30.17032,-29.84276
1.27,-28.52893,-29.11366,-32.14922,-30.02899,-30.14321,-29.71545
1.28,-28.47375,-28.99971,-32.18404,-29.97833,-30.11688,-29.58842
1.29,-28.41913,-28.88606,-32.21965,-29.92819,-30.09133,-29.4617
1.3,-28.36508,-28.77271,-32.25598,-29.87857,-30.06653,-29.3353
1.31,-28.31158,-28.65966,-32.29297,-29.82949,-30.04249,-29.20922
1.32,-28.25864,-28.5469,-32.33058,-29.78095,-30.01917,-29.08349
1.33,-28.20626,-28.43445,-32.36872,-29.73295,-29.99658,-28.9581
1.34,-28.15444,-28.32231,-32.40734,-29.6855,-29.97469,-28.83306
1.35,-28.10318,-28.21047,-32.44635,-29.6386,-29.9535,-28.7084
1.36,-28.05248,-28.09894,-32.48568,-29.59226,-29.93299,-28.58411
1.37,-28.00233,-27.98772,-32.52524,-29.54649,-29.91315,-28.4602
1.38,-27.95274,-27.87682,-32.56495,-29.50129,-29.89395,-28.33668
1.39,-27.9037,-27.76624,-32.60472,-29.45666,-29.8754,-28.21357
1.4,-27.85522,-27.65598,-32.64443,-29.41262,-29.85747,-28.09085
1.41,-27.80729,-27.54604,-32.68399,-29.36916,-29.84015,-27.96855
1.42,-27.75992,-27.43642,-32.72328,-29.3263,-29.82342,-27.84667
1.43,-27.7131,-27.32714,-32.7622,-29.28405,-29.80727,-27.72521
1.44,-27.66684,-27.21818,-32.8006,-29.2424,-29.79168,-27.60419
1.45,-27.62112,-27.10956,-32.83837,-29.20137,-29.77664,-27.4836
1.46,-27.57596,-27.00128,-32.87536,-29.16097,-29.76213,-27.36345
1.47,-27.53134,-26.89334,-32.91143,-29.12119,-29.74813,-27.24375
1.48,-27.48728,-26.78574,-32.94644,-29.08206,-29.73463,-27.1245
1.49,-27.44376,-26.67849,-32.98023,-29.04357,-29.7216,-27.0057
1.5,-27.4008,-26.57159,-33.01263,-29.00574,-29.70904,-26.88737
1.51,-27.35838,-26.46505,-33.04348,-28.96857,-29.69691,-26.76951
1.52,-27.31651,-26.35886,-33.0726,-28.93208,-29.68521,-26.65211
1.53,-27.27519,-26.25303,-33.09982,-28.89626,-29.67391,-26.53519
1.54,-27.23442,-26.14757,-33.12496,-28.86113,-29.66299,-26.41874
1.55,-27.19419,-26.04248,-33.14783,-28.8267,-29.65244,-26.30278
1.56,-27.15451,-25.93777,-33.16824,-28.79297,-29.64223,-26.1873
1.57,-27.11537,-25.83343,-33.186,-28.75996,-29.63234,-26.07232
1.58,-27.07678,-25.72947,-33.20092,-28.72767,-29.62275,-25.95782
1.59,-27.03874,-25.62589,-33.21281,-28.69612,-29.61343,-25.84382
1.6,-27.00124,-25.52271,-33.22147,-28.6653,-29.60438,-25.73033
1.61,-26.96428,-25.41992,-33.22673,-28.63525,-29.59555,-25.61733
1.62,-26.92788,-25.31753,-33.22839,-28.60595,-29.58694,-25.50485
1.63,-26.89201,-25.21554,-33.22628,-28.57742,-29.57851,-25.39287
1.64,-26.85669,-25.11396,-33.22022,-28.54968,-29.57024,-25.28141
1.65,-26.82192,-25.01279,-33.21006,-28.52273,-29.56211,-25.17046
1.66,-26.78769,-24.91204,-33.19564,-28.49657,-29.55409,-25.06004
1.67,-26.75401,-24.81171,-33.17682,-28.47123,-29.54616,-24.95014
1.68,-26.72088,-24.71181,-33.15347,-28.44672,-29.53829,-24.84076
1.69,-26.68829,-24.61234,-33.12548,-28.42303,-29.53045,-24.73192
1.7,-26.65624,-24.51331,-33.09274,-28.40019,-29.52262,-24.62361
1.71,-26.62475,-24.41473,-33.05518,-28.3782,-29.51477,-24.51584
1.72,-26.5938,-24.31659,-33.01274,-28.35708,-29.50688,-24.40861
1.73,-26.5634,-24.2189,-32.96535,-28.33683,-29.49891,-24.30193
1.74,-26.53355,-24.12168,-32.91301,-28.31746,-29.49084,-24.19579
1.75,-26.50424,-24.02492,-32.8557,-28.299,-29.48264,-24.09021
1.76,-26.47549,-23.92863,-32.79343,-28.28144,-29.47429,-23.98518
1.77,-26.44729,-23.83282,-32.72624,-28.26479,-29.46575,-23.88071
1.78,-26.41963,-23.73749,-32.65417,-28.24908,-29.457,-23.7768
1.79,-26.39253,-23.64265,-32.57729,-28.23431,-29.448,-23.67346
1.8,-26.36599,-23.54831,-32.49569,-28.22048,-29.43874,-23.57069
1.81,-26.33999,-23.45447,-32.40947,-28.20762,-29.42917,-23.4685
1.82,-26.31455,-23.36114,-32.31874,-28.19573,-29.41928,-23.36688
1.83,-26.28967,-23.26832,-32.22365,-28.18483,-29.40903,-23.26585
1.84,-26.26534,-23.17602,-32.12433,-28.17492,-29.39839,-23.1654
1.85,-26.24157,-23.08425,-32.02095,-28.16602,-29.38734,-23.06555
1.86,-26.21836,-22.99302,-31.91366,-28.15813,-29.37585,-22.96629
1.87,-26.19571,-22.90232,-31.80264,-28.15128,-29.36389,-22.86763
1.88,-26.17362,-22.81218,-31.68808,-28.14546,-29.35143,-22.76957
1.89,-26.1521,-22.72259,-31.57016,-28.14069,-29.33845,-22.67212
1.9,-26.13113,-22.63357,-31.44907,-28.13699,-29.32491,-22.57529
1.91,-26.11074,-22.54511,-31.325,-28.13436,-29.3108,-22.47907
1.92,-26.0909,-22.45723,-31.19814,-28.13281,-29.29609,-22.38348
1.93,-26.07164,-22.36994,-31.0687,-28.13235,-29.28075,-22.28851
1.94,-26.05294,-22.28324,-30.93687,-28.133,-29.26475,-22.19418
1.95,-26.03481,-22.19713,-30.80282,-28.13477,-29.24808,-22.10048
1.96,-26.01725,-22.11164,-30.66676,-28.13766,-29.23071,-22.00742
1.97,-26.00027,-22.02676,-30.52887,-28.14169,-29.21261,-21.91501
1.98,-25.98385,-21.9425,-30.38932,-28.14687,-29.19378,-21.82326
1.99,-25.96801,-21.85887,-30.24829,-28.15321,-29.17417,-21.73215
2,-25.95275,-21.77588,-30.10595,-28.16072,-29.15378,-21.64171
2.01,-25.93806,-21.69353,-29.96246,-28.16941,-29.13259,-21.55194
2.02,-25.92395,-21.61184,-29.81798,-28.17929,-29.11058,-21.46284
2.03,-25.91041,-21.53081,-29.67265,-28.19037,-29.08773,-21.37441
2.04,-25.89746,-21.45045,-29.52663,-28.20266,-29.06403,-21.28667
2.05,-25.88508,-21.37076,-29.38005,-28.21617,-29.03947,-21.19961
2.06,-25.87328,-21.29177,-29.23304,-28.23092,-29.01402,-21.11325
2.07,-25.86206,-21.21346,-29.08573,-28.2469,-28.98768,-21.02758
2.08,-25.85142,-21.13585,-28.93822,-28.26414,-28.96044,-20.94261
2.09,-25.84136,-21.05896,-28.79065,-28.28264,-28.93229,-20.85835
2.1,-25.83187,-20.98278,-28.6431,-28.30241,-28.90322,-20.77481
2.11,-25.82297,-20.90732,-28.49568,-28.32347,-28.87322,-20.69198
2.12,-25.81465,-20.8326,-28.34849,-28.34581,-28.84229,-20.60987
2.13,-25.8069,-20.75861,-28.20161,-28.36945,-28.81043,-20.52849
2.14,-25.79973,-20.68538,-28.05512,-28.39441,-28.77764,-20.44783
2.15,-25.79314,-20.6129,-27.90911,-28.42068,-28.7439,-20.36792
2.16,-25.78712,-20.54118,-27.76364,-28.44829,-28.70923,-20.28875
2.17,-25.78167,-20.47023,-27.61878,-28.47723,-28.67363,-20.21032
2.18,-25.7768,-20.40006,-27.47459,-28.50752,-28.63709,-20.13264
2.19,-25.77249,-20.33068,-27.33114,-28.53916,-28.59963,-20.05571
2.2,-25.76875,-20.26208,-27.18849,-28.57217,-28.56124,-19.97954
2.21,-25.76556,-20.19429,-27.04667,-28.60655,-28.52195,-19.90414
2.22,-25.76294,-20.1273,-26.90574,-28.64231,-28.48175,-19.8295
2.23,-25.76087,-20.06113,-26.76574,-28.67946,-28.44065,-19.75563
2.24,-25.75935,-19.99577,-26.62672,-28.71801,-28.39868,-19.68253
2.25,-25.75837,-19.93124,-26.4887,-28.75797,-28.35583,-19.61021
2.26,-25.75794,-19.86754,-26.35173,-28.79934,-28.31213,-19.53867
2.27,-25.75804,-19.80468,-26.21585,-28.84213,-28.26758,-19.46791
2.28,-25.75866,-19.74266,-26.08106,-28.88635,-28.22221,-19.39794
2.29,-25.7598,-19.6815,-25.94742,-28.932,-28.17604,-19.32876
2.3,-25.76146,-19.62118,-25.81493,-28.97909,-28.12907,-19.26037
2.31,-25.76362,-19.56173,-25.68362,-29.02764,-28.08133,-19.19277
2.32,-25.76628,-19.50314,-25.55352,-29.07763,-28.03285,-19.12597
2.33,-25.76942,-19.44543,-25.42463,-29.12908,-27.98363,-19.05996
2.34,-25.77303,-19.38858,-25.29699,-29.182,-27.93371,-18.99476
2.35,-25.77712,-19.33262,-25.17059,-29.23638,-27.88311,-18.93035
2.36,-25.78165,-19.27753,-25.04547,-29.29224,-27.83184,-18.86675
2.37,-25.78662,-19.22334,-24.92162,-29.34956,-27.77994,-18.80395
2.38,-25.79202,-19.17003,-24.79906,-29.40837,-27.72743,-18.74195
2.39,-25.79783,-19.11761,-24.6778,-29.46865,-27.67433,-18.68076
2.4,-25.80404,-19.06609,-24.55784,-29.53041,-27.62067,-18.62037
2.41,-25.81064,-19.01547,-24.43919,-29.59365,-27.56648,-18.56079
2.42,-25.81759,-18.96575,-24.32187,-29.65836,-27.51179,-18.502
2.43,-25.8249,-18.91693,-24.20586,-29.72455,-27.45661,-18.44402
2.44,-25.83253,-18.86901,-24.09118,-29.7922,-27.40099,-18.38684
2.45,-25.84047,-18.822,-23.97783,-29.86132,-27.34494,-18.33046
2.46,-25.8487,-18.77589,-23.8658,-29.93189,-27.2885,-18.27488
2.47,-25.8572,-18.73069,-23.7551,-30.00391,-27.23169,-18.2201
2.48,-25.86594,-18.68639,-23.64573,-30.07736,-27.17454,-18.16611
2.49,-25.8749,-18.643,-23.53769,-30.15223,-27.11709,-18.11291
2.5,-25.88406,-18.60052,-23.43097,-30.22851,-27.05935,-18.0605
2.51,-25.89339,-18.55895,-23.32558,-30.30618,-27.00136,-18.00888
2.52,-25.90287,-18.51828,-23.2215,-30.38521,-26.94315,-17.95804
2.53,-25.91246,-18.47851,-23.11873,-30.46557,-26.88475,-17.90798
2.54,-25.92214,-18.43964,-23.01728,-30.54725,-26.82617,-17.85869
2.55,-25.93189,-18.40167,-22.91712,-30.63021,-26.76746,-17.81018
2.56,-25.94166,-18.3646,-22.81827,-30.7144,-26.70864,-17.76243
2.57,-25.95143,-18.32843,-22.7207,-30.79979,-26.64974,-17.71545
2.58,-25.96117,-18.29315,-22.62442,-30.88634,-26.59078,-17.66922
2.59,-25.97084,-18.25875,-22.52942,-30.97398,-26.53179,-17.62375
2.6,-25.98041,-18.22524,-22.43568,-31.06266,-26.47281,-17.57902
2.61,-25.98985,-18.19262,-22.34319,-31.15232,-26.41385,-17.53503
2.62,-25.99911,-18.16087,-22.25196,-31.24288,-26.35494,-17.49178
2.63,-26.00817,-18.12999,-22.16196,-31.33427,-26.2961,-17.44925
2.64,-26.01699,-18.09999,-22.0732,-31.42638,-26.23737,-17.40745
2.65,-26.02552,-18.07085,-21.98565,-31.51914,-26.17877,-17.36636
2.66,-26.03374,-18.04257,-21.89931,-31.61242,-26.12032,-17.32598
2.67,-26.0416,-18.01514,-21.81417,-31.70611,-26.06205,-17.2863
2.68,-26.04907,-17.98856,-21.73021,-31.80009,-26.00397,-17.24731
2.69,-26.0561,-17.96282,-21.64742,-31.8942,-25.94612,-17.20901
2.7,-26.06266,-17.93792,-21.5658,-31.98831,-25.88851,-17.17139
2.71,-26.0687,-17.91386,-21.48532,-32.08224,-25.83116,-17.13443
2.72,-26.0742,-17.89061,-21.40597,-32.17582,-25.7741,-17.09814
2.73,-26.0791,-17.86819,-21.32775,-32.26885,-25.71735,-17.06251
2.74,-26.08337,-17.84658,-21.25064,-32.36112,-25.66093,-17.02751
2.75,-26.08697,-17.82577,-21.17462,-32.45241,-25.60485,-16.99316
2.76,-26.08987,-17.80576,-21.09969,-32.54248,-25.54913,-16.95943
2.77,-26.09201,-17.78655,-21.02582,-32.63108,-25.49379,-16.92632
2.78,-26.09338,-17.76812,-20.95301,-32.71794,-25.43886,-16.89382
2.79,-26.09392,-17.75046,-20.88123,-32.80277,-25.38434,-16.86192
2.8,-26.09361,-17.73358,-20.81049,-32.88528,-25.33025,-16.83061
2.81,-26.09241,-17.71746,-20.74075,-32.96515,-25.2766,-16.79989
2.82,-26.09028,-17.70209,-20.67201,-33.04205,-25.22342,-16.76973
2.83,-26.0872,-17.68748,-20.60425,-33.11566,-25.17071,-16.74015
2.84,-26.08312,-17.6736,-20.53746,-33.18562,-25.11849,-16.71111
2.85,-26.07803,-17.66046,-20.47163,-33.25158,-25.06676,-16.68262
2.86,-26.07189,-17.64804,-20.40673,-33.31319,-25.01555,-16.65466
2.87,-26.06467,-17.63635,-20.34275,-33.37008,-24.96486,-16.62723
2.88,-26.05635,-17.62536,-20.27969,-33.42191,-24.9147,-16.60031
2.89,-26.0469,-17.61508,-20.21752,-33.46832,-24.86509,-16.5739
2.9,-26.0363,-17.60549,-20.15622,-33.50897,-24.81602,-16.54798
2.91,-26.02454,-17.5966,-20.0958,-33.54354,-24.76751,-16.52255
2.92,-26.01159,-17.58838,-20.03622,-33.57173,-24.71957,-16.4976
2.93,-25.99743,-17.58084,-19.97748,-33.59324,-24.6722,-16.47311
2.94,-25.98206,-17.57397,-19.91956,-33.60783,-24.62541,-16.44908
2.95,-25.96545,-17.56775,-19.86244,-33.61527,-24.57921,-16.4255
2.96,-25.9476,-17.56219,-19.80612,-33.61537,-24.5336,-16.40235
2.97,-25.92851,-17.55728,-19.75058,-33.60798,-24.48858,-16.37964
2.98,-25.90815,-17.55301,-19.6958,-33.593,-24.44416,-16.35734
2.99,-25.88653,-17.54937,-19.64177,-33.57035,-24.40034,-16.33545
3,-25.86365,-17.54635,-19.58848,-33.54003,-24.35713,-16.31397
3.01,-25.83951,-17.54396,-19.53592,-33.50205,-24.31452,-16.29287
3.02,-25.8141,-17.54218,-19.48406,-33.45648,-24.27251,-16.27216
3.03,-25.78743,-17.54102,-19.43289,-33.40343,-24.23112,-16.25182
3.04,-25.75951,-17.54045,-19.38241,-33.34307,-24.19034,-16.23185
3.05,-25.73035,-17.54048,-19.3326,-33.27557,-24.15016,-16.21223
3.06,-25.69995,-17.5411,-19.28345,-33.20118,-24.1106,-16.19296
3.07,-25.66832,-17.54231,-19.23494,-33.12014,-24.07164,-16.17403
3.08,-25.63548,-17.5441,-19.18707,-33.03274,-24.03329,-16.15543
3.09,-25.60144,-17.54646,-19.13981,-32.93929,-23.99554,-16.13715
3.1,-25.56621,-17.5494,-19.09316,-32.84012,-23.9584,-16.11918
3.11,-25.52982,-17.5529,-19.04711,-32.73557,-23.92186,-16.10152
3.12,-25.49228,-17.55696,-19.00164,-32.62599,-23.88591,-16.08416
3.13,-25.45362,-17.56159,-18.95675,-32.51174,-23.85056,-16.06709
3.14,-25.41385,-17.56677,-18.91242,-32.39318,-23.8158,-16.0503
3.15,-25.37299,-17.57249,-18.86864,-32.27065,-23.78163,-16.03379
3.16,-25.33108,-17.57877,-18.8254,-32.14453,-23.74805,-16.01755
3.17,-25.28812,-17.58559,-18.78269,-32.01515,-23.71504,-16.00157
3.18,-25.24415,-17.59296,-18.7405,-31.88285,-23.68261,-15.98584
3.19,-25.1992,-17.60086,-18.69882,-31.74795,-23.65075,-15.97036
3.2,-25.15329,-17.6093,-18.65765,-31.61076,-23.61945,-15.95513
3.21,-25.10644,-17.61827,-18.61696,-31.47159,-23.58872,-15.94013
3.22,-25.05868,-17.62778,-18.57676,-31.33071,-23.55855,-15.92536
3.23,-25.01004,-17.63782,-18.53703,-31.1884,-23.52893,-15.91081
3.24,-24.96056,-17.64839,-18.49776,-31.0449,-23.49986,-15.89648
3.25,-24.91024,-17.65948,-18.45896,-30.90046,-23.47133,-15.88237
3.26,-24.85914,-17.67111,-18.4206,-30.75529,-23.44334,-15.86846
3.27,-24.80726,-17.68326,-18.38268,-30.6096,-23.41588,-15.85475
3.28,-24.75465,-17.69594,-18.3452,-30.46357,-23.38895,-15.84124
3.29,-24.70132,-17.70914,-18.30814,-30.31739,-23.36254,-15.82793
3.3,-24.64731,-17.72287,-18.2715,-30.17122,-23.33665,-15.8148
3.31,-24.59265,-17.73713,-18.23527,-30.0252,-23.31128,-15.80185
3.32,-24.53736,-17.75192,-18.19945,-29.87948,-23.28641,-15.78908
3.33,-24.48148,-17.76724,-18.16403,-29.73417,-23.26206,-15.77649
3.34,-24.42502,-17.78309,-18.12901,-29.58939,-23.2382,-15.76407
3.35,-24.36801,-17.79947,-18.09437,-29.44524,-23.21484,-15.75182
3.36,-24.31049,-17.81639,-18.06011,-29.30182,-23.19197,-15.73974
3.37,-24.25247,-17.83384,-18.02624,-29.1592,-23.16959,-15.72781
3.38,-24.19399,-17.85184,-17.99273,-29.01746,-23.1477,-15.71605
3.39,-24.13507,-17.87037,-17.9596,-28.87668,-23.12629,-15.70444
3.4,-24.07574,-17.88945,-17.92682,-28.7369,-23.10537,-15.69298
3.41,-24.01601,-17.90908,-17.89441,-28.59818,-23.08491,-15.68168
3.42,-23.95592,-17.92926,-17.86235,-28.46058,-23.06494,-15.67052
3.43,-23.89548,-17.95,-17.83064,-28.32412,-23.04544,-15.65951
3.44,-23.83473,-17.97129,-17.79929,-28.18884,-23.0264,-15.64865
3.45,-23.77368,-17.99315,-17.76827,-28.05477,-23.00784,-15.63793
3.46,-23.71235,-18.01559,-17.7376,-27.92195,-22.98975,-15.62736
3.47,-23.65077,-18.03859,-17.70727,-27.79038,-22.97212,-15.61692
3.48,-23.58897,-18.06218,-17.67728,-27.6601,-22.95496,-15.60663
3.49,-23.52695,-18.08635,-17.64762,-27.53111,-22.93826,-15.59647
3.5,-23.46475,-18.11111,-17.61829,-27.40342,-22.92203,-15.58646
3.51,-23.40237,-18.13648,-17.58929,-27.27705,-22.90627,-15.57658
3.52,-23.33985,-18.16244,-17.56063,-27.152,-22.89097,-15.56684
3.53,-23.2772,-18.18902,-17.53228,-27.02827,-22.87615,-15.55724
3.54,-23.21443,-18.21621,-17.50427,-26.90587,-22.86179,-15.54778
3.55,-23.15158,-18.24404,-17.47658,-26.78479,-22.8479,-15.53845
3.56,-23.08865,-18.27249,-17.44921,-26.66504,-22.83448,-15.52927
3.57,-23.02566,-18.30159,-17.42217,-26.54661,-22.82155,-15.52023
3.58,-22.96264,-18.33134,-17.39545,-26.42949,-22.80908,-15.51132
3.59,-22.89959,-18.36174,-17.36905,-26.31369,-22.7971,-15.50256
3.6,-22.83654,-18.39281,-17.34297,-26.19919,-22.7856,-15.49394
3.61,-22.77349,-18.42456,-17.31721,-26.08598,-22.77459,-15.48546
3.62,-22.71048,-18.457,-17.29178,-25.97407,-22.76407,-15.47713
3.63,-22.64751,-18.49013,-17.26667,-25.86343,-22.75405,-15.46895
3.64,-22.5846,-18.52397,-17.24188,-25.75407,-22.74452,-15.46091
3.65,-22.52176,-18.55852,-17.21741,-25.64596,-22.7355,-15.45302
3.66,-22.45901,-18.5938,-17.19326,-25.53911,-22.72699,-15.44529
3.67,-22.39636,-18.62982,-17.16944,-25.43349,-22.71899,-15.43771
3.68,-22.33383,-18.66659,-17.14594,-25.3291,-22.71151,-15.43028
3.69,-22.27143,-18.70412,-17.12277,-25.22592,-22.70456,-15.42302
3.7,-22.20919,-18.74243,-17.09992,-25.12395,-22.69813,-15.41591
3.71,-22.1471,-18.78151,-17.0774,-25.02317,-22.69224,-15.40897
3.72,-22.08518,-18.8214,-17.05521,-24.92357,-22.68689,-15.40219
3.73,-22.02346,-18.8621,-17.03335,-24.82515,-22.68209,-15.39558
3.74,-21.96193,-18.90362,-17.01181,-24.72788,-22.67785,-15.38914
3.75,-21.90062,-18.94598,-16.99061,-24.63176,-22.67416,-15.38287
3.76,-21.83954,-18.98919,-16.96975,-24.53677,-22.67104,-15.37679
3.77,-21.7787,-19.03327,-16.94921,-24.44292,-22.66849,-15.37088
3.78,-21.71811,-19.07822,-16.92901,-24.35017,-22.66652,-15.36515
3.79,-21.65779,-19.12407,-16.90915,-24.25853,-22.66514,-15.3596
3.8,-21.59775,-19.17084,-16.88963,-24.16798,-22.66435,-15.35425
3.81,-21.538,-19.21853,-16.87045,-24.07852,-22.66416,-15.34908
3.82,-21.47855,-19.26716,-16.8516,-23.99012,-22.66457,-15.34411
3.83,-21.41942,-19.31675,-16.8331,-23.90279,-22.6656,-15.33934
3.84,-21.36062,-19.36731,-16.81495,-23.81652,-22.66724,-15.33477
3.85,-21.30215,-19.41887,-16.79714,-23.73128,-22.6695,-15.3304
3.86,-21.24404,-19.47143,-16.77967,-23.64708,-22.67239,-15.32623
3.87,-21.1863,-19.52502,-16.76256,-23.56391,-22.67592,-15.32227
3.88,-21.12893,-19.57966,-16.74579,-23.48174,-22.68009,-15.31853
3.89,-21.07194,-19.63537,-16.72937,-23.40059,-22.6849,-15.315
3.9,-21.01536,-19.69215,-16.7133,-23.32043,-22.69036,-15.31169
3.91,-20.95918,-19.75004,-16.69759,-23.24126,-22.69647,-15.30859
3.92,-20.90343,-19.80906,-16.68222,-23.16307,-22.70324,-15.30572
3.93,-20.8481,-19.86921,-16.66721,-23.08585,-22.71068,-15.30308
3.94,-20.79322,-19.93053,-16.65256,-23.00959,-22.71878,-15.30066
3.95,-20.73878,-19.99304,-16.63826,-22.93428,-22.72755,-15.29847
3.96,-20.68481,-20.05675,-16.62431,-22.85991,-22.737,-15.29651
3.97,-20.63132,-20.1217,-16.61072,-22.78647,-22.74711,-15.29479
3.98,-20.5783,-20.1879,-16.59748,-22.71395,-22.75791,-15.2933
3.99,-20.52578,-20.25537,-16.5846,-22.64233,-22.76938,-15.29205
4,-20.47376,-20.32414,-16.57208,-22.57161,-22.78154,-15.29104
4.01,-20.42224,-20.39424,-16.55991,-22.50177,-22.79437,-15.29028
4.02,-20.37125,-20.46569,-16.5481,-22.43279,-22.80789,-15.28975
4.03,-20.32078,-20.53852,-16.53664,-22.36467,-22.82209,-15.28947
4.04,-20.27085,-20.61275,-16.52554,-22.29738,-22.83697,-15.28943
4.05,-20.22146,-20.6884,-16.51479,-22.23091,-22.85252,-15.28963
4.06,-20.17262,-20.76552,-16.50439,-22.16524,-22.86876,-15.29008
4.07,-20.12434,-20.84412,-16.49434,-22.10034,-22.88567,-15.29078
4.08,-20.07662,-20.92424,-16.48464,-22.0362,-22.90325,-15.29172
4.09,-20.02947,-21.00591,-16.47529,-21.97279,-22.9215,-15.29291
4.1,-19.9829,-21.08915,-16.46629,-21.91009,-22.94042,-15.29434
4.11,-19.93691,-21.174,-16.45763,-21.84808,-22.96,-15.29602
4.12,-19.89151,-21.26049,-16.44932,-21.78671,-22.98024,-15.29794
4.13,-19.84669,-21.34866,-16.44134,-21.72598,-23.00113,-15.3001
4.14,-19.80247,-21.43854,-16.4337,-21.66584,-23.02266,-15.3025
4.15,-19.75885,-21.53016,-16.4264,-21.60627,-23.04484,-15.30513
4.16,-19.71583,-21.62356,-16.41944,-21.54723,-23.06764,-15.30801
4.17,-19.67341,-21.71879,-16.4128,-21.4887,-23.09107,-15.31112
4.18,-19.63159,-21.81588,-16.40649,-21.43065,-23.11513,-15.31445
4.19,-19.59038,-21.91487,-16.40051,-21.37304,-23.13978,-15.31802
4.2,-19.54978,-22.01579,-16.39484,-21.31584,-23.16505,-15.32181
4.21,-19.50978,-22.11871,-16.38949,-21.25904,-23.1909,-15.32582
4.22,-19.47038,-22.22365,-16.38446,-21.20261,-23.21733,-15.33004
4.23,-19.43159,-22.33067,-16.37974,-21.14652,-23.24434,-15.33447
4.24,-19.3934,-22.43981,-16.37532,-21.09076,-23.27191,-15.33912
4.25,-19.3558,-22.55112,-16.3712,-21.03532,-23.30003,-15.34396
4.26,-19.3188,-22.66466,-16.36738,-20.98019,-23.32869,-15.349
4.27,-19.28239,-22.78047,-16.36385,-20.92536,-23.35788,-15.35422
4.28,-19.24657,-22.89861,-16.36061,-20.87085,-23.38758,-15.35963
4.29,-19.21132,-23.01914,-16.35766,-20.81666,-23.41779,-15.36522
4.3,-19.17665,-23.14211,-16.35498,-20.7628,-23.44849,-15.37098
4.31,-19.14254,-23.2676,-16.35257,-20.70931,-23.47968,-15.37689
4.32,-19.10898,-23.39565,-16.35044,-20.65621,-23.51132,-15.38296
4.33,-19.07598,-23.52634,-16.34857,-20.60353,-23.54343,-15.38918
4.34,-19.04351,-23.65974,-16.34695,-20.55131,-23.57597,-15.39553
4.35,-19.01157,-23.79592,-16.34559,-20.49961,-23.60894,-15.40201
4.36,-18.98015,-23.93495,-16.34448,-20.44847,-23.64232,-15.40861
4.37,-18.94924,-24.07691,-16.34361,-20.39795,-23.6761,-15.41532
4.38,-18.91881,-24.22189,-16.34297,-20.34811,-23.71027,-15.42213
4.39,-18.88887,-24.36996,-16.34257,-20.29901,-23.7448,-15.42902
4.4,-18.85939,-24.52122,-16.34239,-20.25072,-23.7797,-15.43599
4.41,-18.83036,-24.67576,-16.34243,-20.20329,-23.81493,-15.44302
4.42,-18.80176,-24.83368,-16.34268,-20.15679,-23.8505,-15.45011
4.43,-18.77358,-24.99509,-16.34315,-20.11129,-23.88638,-15.45724
4.44,-18.7458,-25.16007,-16.34382,-20.06685,-23.92256,-15.46439
4.45,-18.7184,-25.32876,-16.34468,-20.02352,-23.95902,-15.47156
4.46,-18.69137,-25.50127,-16.34574,-19.98138,-23.99576,-15.47873
4.47,-18.66468,-25.67772,-16.34698,-19.94046,-24.03275,-15.48589
4.48,-18.63831,-25.85825,-16.3484,-19.90083,-24.06999,-15.49302
4.49,-18.61224,-26.04299,-16.35,-19.86253,-24.10745,-15.5001
4.5,-18.58646,-26.23209,-16.35177,-19.82561,-24.14513,-15.50714
4.51,-18.56093,-26.4257,-16.3537,-19.79011,-24.18301,-15.51409
4.52,-18.53564,-26.62398,-16.35579,-19.75606,-24.22108,-15.52096
4.53,-18.51056,-26.82711,-16.35804,-19.7235,-24.25932,-15.52772
4.54,-18.48567,-27.03527,-16.36044,-19.69245,-24.29772,-15.53436
4.55,-18.46095,-27.24865,-16.36298,-19.66295,-24.33627,-15.54086
4.56,-18.43636,-27.46745,-16.36566,-19.63501,-24.37495,-15.5472
4.57,-18.41188,-27.6919,-16.36848,-19.60865,-24.41375,-15.55337
4.58,-18.38748,-27.92222,-16.37143,-19.58389,-24.45266,-15.55933
4.59,-18.36315,-28.15866,-16.37451,-19.56073,-24.49166,-15.56509
4.6,-18.33884,-28.40148,-16.37771,-19.53919,-24.53075,-15.57061
4.61,-18.31454,-28.65096,-16.38103,-19.51927,-24.5699,-15.57588
4.62,-18.29021,-28.9074,-16.38447,-19.50098,-24.60912,-15.58087
4.63,-18.26582,-29.17112,-16.38802,-19.48431,-24.64838,-15.58556
4.64,-18.24135,-29.44245,-16.39168,-19.46927,-24.68768,-15.58994
4.65,-18.21676,-29.72176,-16.39545,-19.45584,-24.727,-15.59397
4.66,-18.19202,-30.00944,-16.39932,-19.44403,-24.76633,-15.59765
4.67,-18.16711,-30.3059,-16.4033,-19.43383,-24.80567,-15.60094
4.68,-18.142,-30.6116,-16.40738,-19.42522,-24.84499,-15.60381
4.69,-18.11664,-30.92701,-16.41156,-19.4182,-24.8843,-15.60626
4.7,-18.09101,-31.25264,-16.41584,-19.41275,-24.92358,-15.60824
4.71,-18.06508,-31.58903,-16.42022,-19.40887,-24.96282,-15.60974
4.72,-18.03882,-31.93678,-16.42469,-19.40653,-25.00201,-15.61073
4.73,-18.01219,-32.2965,-16.42926,-19.40572,-25.04114,-15.61118
4.74,-17.98516,-32.66884,-16.43393,-19.40642,-25.08021,-15.61107
4.75,-17.9577,-33.05451,-16.4387,-19.40862,-25.1192,-15.61036
4.76,-17.93776,-33.47328,-16.44193,-19.39138,-25.15208,-15.61271
4.77,-17.91798,-33.90782,-16.44515,-19.37461,-25.1842,-15.61477
4.78,-17.89834,-34.35859,-16.44833,-19.35832,-25.21552,-15.61652
4.79,-17.87884,-34.82585,-16.45149,-19.34249,-25.24598,-15.61797
4.8,-17.85948,-35.30953,-16.45462,-19.32713,-25.27551,-15.6191
4.81,-17.84024,-35.80907,-16.45773,-19.31224,-25.30405,-15.61992
4.82,-17.82111,-36.32313,-16.4608,-19.29782,-25.33155,-15.62041
4.83,-17.80209,-36.84927,-16.46385,-19.28387,-25.35796,-15.62059
4.84,-17.78316,-37.38349,-16.46686,-19.27039,-25.38321,-15.62043
4.85,-17.76433,-37.91959,-16.46986,-19.25738,-25.40726,-15.61994
4.86,-17.74558,-38.44846,-16.47284,-19.24484,-25.43004,-15.61913
4.87,-17.72689,-38.95738,-16.47579,-19.23278,-25.45151,-15.61798
4.88,-17.70827,-39.4294,-16.47874,-19.22119,-25.47161,-15.61649
4.89,-17.6897,-39.84355,-16.48168,-19.21009,-25.49029,-15.61468
4.9,-17.67118,-40.17607,-16.48462,-19.19947,-25.5075,-15.61253
4.91,-17.6527,-40.40336,-16.48756,-19.18934,-25.52319,-15.61004
4.92,-17.63424,-40.50636,-16.49052,-19.17971,-25.53731,-15.60723
4.93,-17.61579,-40.4751,-16.4935,-19.17057,-25.5498,-15.6041
4.94,-17.59736,-40.31141,-16.49652,-19.16194,-25.56063,-15.60064
4.95,-17.57893,-40.0284,-16.49958,-19.15382,-25.56975,-15.59686
4.96,-17.56048,-39.64697,-16.5027,-19.14623,-25.5771,-15.59277
4.97,-17.54201,-39.19113,-16.50588,-19.13916,-25.58264,-15.58837
4.98,-17.52352,-38.68397,-16.50915,-19.13264,-25.58634,-15.58367
4.99,-17.50498,-38.14525,-16.51252,-19.12666,-25.58813,-15.57868
5,-17.48639,-37.59051,-16.51599,-19.12123,-25.58798,-15.57341
5.01,-17.46774,-37.03125,-16.5196,-19.11638,-25.58585,-15.56786
5.02,-17.44901,-36.47555,-16.52336,-19.11211,-25.5817,-15.56205
5.03,-17.4302,-35.92877,-16.52728,-19.10844,-25.57548,-15.55598
5.04,-17.41129,-35.39432,-16.53139,-19.10538,-25.56716,-15.54968
5.05,-17.39228,-34.87416,-16.53571,-19.10294,-25.55669,-15.54316
5.06,-17.37314,-34.36927,-16.54026,-19.10115,-25.54404,-15.53643
5.07,-17.35387,-33.87996,-16.54506,-19.10001,-25.52917,-15.52951
5.08,-17.33446,-33.40607,-16.55014,-19.09955,-25.51205,-15.52242
5.09,-17.31488,-32.94716,-16.55552,-19.09979,-25.49265,-15.51517
5.1,-17.29512,-32.50259,-16.56123,-19.10074,-25.47092,-15.5078
5.11,-17.27518,-32.07163,-16.56729,-19.10243,-25.44684,-15.50032
5.12,-17.25503,-31.65347,-16.57374,-19.10488,-25.42039,-15.49276
5.13,-17.23466,-31.24729,-16.5806,-19.10811,-25.39152,-15.48514
5.14,-17.21405,-30.85225,-16.5879,-19.11215,-25.36021,-15.4775
5.15,-17.19319,-30.46754,-16.59567,-19.11702,-25.32644,-15.46987
5.16,-17.17205,-30.09234,-16.60393,-19.12275,-25.29018,-15.46228
5.17,-17.15063,-29.72586,-16.61273,-19.12936,-25.25142,-15.45477
5.18,-17.12889,-29.36735,-16.62209,-19.13689,-25.21012,-15.44737
5.19,-17.10682,-29.01606,-16.63203,-19.14537,-25.16626,-15.44014
5.2,-17.0844,-28.67128,-16.64259,-19.15481,-25.11984,-15.43312
5.21,-17.06161,-28.33231,-16.65379,-19.16526,-25.07083,-15.42636
5.22,-17.03843,-27.99847,-16.66566,-19.17673,-25.01922,-15.41991
5.23,-17.01484,-27.66909,-16.67823,-19.18927,-24.96499,-15.41384
5.24,-16.99082,-27.34355,-16.69151,-19.20289,-24.90813,-15.4082
5.25,-16.96634,-27.02119,-16.70552,-19.21763,-24.84862,-15.40308
5.26,-16.94139,-26.70141,-16.72027,-19.23351,-24.78647,-15.39853
5.27,-16.91594,-26.38359,-16.73578,-19.25054,-24.72164,-15.39465
5.28,-16.88997,-26.06715,-16.75205,-19.26876,-24.65414,-15.39154
5.29,-16.86347,-25.75148,-16.76906,-19.28817,-24.58396,-15.38928
5.3,-16.83642,-25.43603,-16.78682,-19.30877,-24.51108,-15.38798
5.31,-16.80881,-25.12023,-16.80529,-19.33057,-24.43548,-15.38778
5.32,-16.78062,-24.80354,-16.82444,-19.35354,-24.35717,-15.3888
5.33,-16.75184,-24.48542,-16.84422,-19.37766,-24.27611,-15.39119
5.34,-16.72249,-24.16539,-16.86457,-19.40287,-24.1923,-15.39511
5.35,-16.69255,-23.84295,-16.88542,-19.42911,-24.10571,-15.40075
5.36,-16.66205,-23.51766,-16.90665,-19.45628,-24.01631,-15.4083
5.37,-16.631,-23.18911,-16.92816,-19.48425,-23.92408,-15.418
5.38,-16.59945,-22.85693,-16.9498,-19.51283,-23.82897,-15.4301
5.39,-16.56744,-22.52082,-16.97139,-19.5418,-23.73093,-15.44486
5.4,-16.53504,-22.18052,-16.99275,-19.57089,-23.62992,-15.46262
5.41,-16.50235,-21.83587,-17.01365,-19.59973,-23.52587,-15.48371
5.42,-16.46947,-21.48679,-17.03385,-19.62789,-23.41871,-15.50854
5.43,-16.43655,-21.13331,-17.05307,-19.65483,-23.30835,-15.53752
5.44,-16.40377,-20.77562,-17.07101,-19.67992,-23.19472,-15.57114
5.45,-16.37136,-20.41409,-17.08738,-19.7024,-23.07772,-15.60992
5.46,-16.33957,-20.04928,-17.10185,-19.7214,-22.95725,-15.65445
5.47,-16.30873,-19.68206,-17.11412,-19.7359,-22.83321,-15.70534
5.48,-16.2792,-19.31363,-17.12392,-19.74479,-22.70552,-15.76326
5.49,-16.25141,-18.94557,-17.131,-19.74684,-22.57411,-15.8289
5.5,-16.22586,-18.57988,-17.13523,-19.74074,-22.43896,-15.90297
5.51,-16.20308,-18.21893,-17.13654,-19.7252,-22.30006,-15.98619
5.52,-16.18368,-17.86541,-17.13501,-19.69896,-22.1575,-16.07923
5.53,-16.16829,-17.52215,-17.13091,-19.66089,-22.01143,-16.18268
5.54,-16.15758,-17.19201,-17.12467,-19.61014,-21.86212,-16.297
5.55,-16.15219,-16.87767,-17.11694,-19.5462,-21.70996,-16.42247
5.56,-16.15276,-16.58157,-17.1086,-19.46902,-21.55547,-16.55912
5.57,-16.15984,-16.30588,-17.10072,-19.37911,-21.39931,-16.70663
5.58,-16.17389,-16.05243,-17.09454,-19.27752,-21.24228,-16.86432
5.59,-16.1952,-15.82277,-17.0914,-19.1659,-21.08531,-17.03105
5.6,-16.22389,-15.61809,-17.09272,-19.04635,-20.92939,-17.20524
5.61,-16.25988,-15.43922,-17.09986,-18.92136,-20.77557,-17.38487
5.62,-16.30288,-15.2866,-17.11407,-18.79362,-20.62487,-17.56752
5.63,-16.3524,-15.16021,-17.13641,-18.66584,-20.47828,-17.75052
5.64,-16.40774,-15.05961,-17.16771,-18.54063,-20.33662,-17.93106
5.65,-16.46811,-14.98392,-17.20848,-18.42029,-20.20061,-18.10637
5.66,-16.53258,-14.93187,-17.25897,-18.30677,-20.07076,-18.27389
5.67,-16.60024,-14.90188,-17.31909,-18.20161,-19.9474,-18.43144
5.68,-16.67016,-14.89214,-17.38853,-18.10589,-19.83069,-18.57735
5.69,-16.74151,-14.90068,-17.46675,-18.02029,-19.72062,-18.71049
5.7,-16.81353,-14.92546,-17.55301,-17.94513,-19.61708,-18.83033
5.71,-16.88562,-14.96444,-17.64649,-17.88043,-19.51984,-18.93685
5.72,-16.95728,-15.01564,-17.74625,-17.82597,-19.42864,-19.03051
5.73,-17.02818,-15.07718,-17.85133,-17.78134,-19.34315,-19.11209
5.74,-17.09808,-15.14733,-17.96077,-17.74602,-19.26305,-19.18265
5.75,-17.16687,-15.22451,-18.07361,-17.71942,-19.18804,-19.24335
5.76,-17.23453,-15.30731,-18.18895,-17.70093,-19.1178,-19.29545
5.77,-17.3011,-15.39448,-18.30591,-17.6899,-19.05206,-19.34015
5.78,-17.36668,-15.48494,-18.42371,-17.68572,-18.99058,-19.37861
5.79,-17.43143,-15.57774,-18.5416,-17.6878,-18.93314,-19.41187
5.8,-17.49549,-15.67209,-18.6589,-17.69558,-18.87954,-19.44089
5.81,-17.55905,-15.7673,-18.77502,-17.70854,-18.82962,-19.46649
5.82,-17.62228,-15.86281,-18.8894,-17.72622,-18.78323,-19.48935
5.83,-17.68536,-15.95815,-19.00157,-17.74819,-18.74025,-19.51009
5.84,-17.74845,-16.05293,-19.11112,-17.77403,-18.70055,-19.5292
5.85,-17.8117,-16.14684,-19.2177,-17.80341,-18.66402,-19.54708
5.86,-17.87525,-16.23962,-19.32101,-17.836,-18.63058,-19.56407
5.87,-17.93921,-16.33108,-19.42082,-17.8715,-18.60014,-19.58044
5.88,-18.00369,-16.42105,-19.51695,-17.90965,-18.57259,-19.59641
5.89,-18.06876,-16.50942,-19.60927,-17.95022,-18.54786,-19.61216
5.9,-18.1345,-16.5961,-19.6977,-17.99297,-18.52587,-19.62783
5.91,-18.20097,-16.68104,-19.78221,-18.03772,-18.50653,-19.64352
5.92,-18.26819,-16.76418,-19.8628,-18.08429,-18.48975,-19.65934
5.93,-18.3362,-16.84551,-19.93954,-18.13251,-18.47546,-19.67536
5.94,-18.40502,-16.92502,-20.01249,-18.18223,-18.46356,-19.69163
5.95,-18.47463,-17.00271,-20.08178,-18.23331,-18.45397,-19.70821
5.96,-18.54506,-17.07859,-20.14753,-18.28564,-18.4466,-19.72514
5.97,-18.61627,-17.15269,-20.2099,-18.33909,-18.44137,-19.74245
5.98,-18.68825,-17.22503,-20.26907,-18.39355,-18.43819,-19.76018
5.99,-18.76098,-17.29563,-20.32523,-18.44894,-18.43697,-19.77835
6,-18.83444,-17.36454,-20.37857,-18.50517,-18.43762,-19.797
6.01,-18.90857,-17.43179,-20.42929,-18.56213,-18.44007,-19.81614
6.02,-18.98337,-17.49741,-20.47759,-18.61977,-18.44422,-19.83581
6.03,-19.05877,-17.56144,-20.52367,-18.67801,-18.44999,-19.85602
6.04,-19.13476,-17.62393,-20.56773,-18.73679,-18.45731,-19.8768
6.05,-19.21127,-17.68491,-20.60996,-18.79603,-18.46609,-19.89816
6.06,-19.28828,-17.74443,-20.65053,-18.85569,-18.47626,-19.92014
6.07,-19.36575,-17.80251,-20.68963,-18.91571,-18.48775,-19.94274
6.08,-19.44363,-17.8592,-20.7274,-18.97604,-18.50048,-19.96599
6.09,-19.52188,-17.91454,-20.76402,-19.03663,-18.51438,-19.9899
6.1,-19.60045,-17.96856,-20.7996,-19.09744,-18.5294,-20.0145
6.11,-19.67932,-18.0213,-20.83429,-19.15843,-18.54548,-20.03979
6.12,-19.75845,-18.07279,-20.86819,-19.21956,-18.56254,-20.06581
6.13,-19.83779,-18.12306,-20.90142,-19.28078,-18.58054,-20.09255
6.14,-19.9173,-18.17216,-20.93406,-19.34207,-18.59942,-20.12003
6.15,-19.99696,-18.2201,-20.9662,-19.40339,-18.61913,-20.14826
6.16,-20.07673,-18.26692,-20.99792,-19.46471,-18.63963,-20.17726
6.17,-20.15657,-18.31265,-21.02927,-19.52599,-18.66088,-20.20703
6.18,-20.23646,-18.35732,-21.06032,-19.58721,-18.68282,-20.23759
6.19,-20.31636,-18.40095,-21.09112,-19.64834,-18.70543,-20.26892
6.2,-20.39625,-18.44357,-21.1217,-19.70935,-18.72866,-20.30105
6.21,-20.47609,-18.48521,-21.15211,-19.77021,-18.75248,-20.33397
6.22,-20.55586,-18.52588,-21.18238,-19.8309,-18.77686,-20.36768
6.23,-20.63553,-18.56561,-21.21255,-19.89138,-18.80177,-20.40219
6.24,-20.71508,-18.60442,-21.24263,-19.95164,-18.82717,-20.43749
6.25,-20.79448,-18.64233,-21.27266,-20.01165,-18.85305,-20.47358
6.26,-20.8737,-18.67937,-21.30267,-20.07139,-18.87938,-20.51045
6.27,-20.95273,-18.71555,-21.33268,-20.13082,-18.90613,-20.54811
6.28,-21.03155,-18.75088,-21.36271,-20.18993,-18.93327,-20.58654
6.29,-21.11012,-18.7854,-21.39281,-20.24869,-18.9608,-20.62573
6.3,-21.18843,-18.81911,-21.42299,-20.30708,-18.98868,-20.66567
6.31,-21.26645,-18.85202,-21.4533,-20.36507,-19.0169,-20.70636
6.32,-21.34416,-18.88417,-21.48377,-20.42263,-19.04543,-20.74777
6.33,-21.42155,-18.91555,-21.51445,-20.47976,-19.07425,-20.7899
6.34,-21.49858,-18.94618,-21.54537,-20.5364,-19.10336,-20.83272
6.35,-21.57524,-18.97608,-21.57658,-20.59256,-19.13272,-20.87622
6.36,-21.65151,-19.00526,-21.60813,-20.64819,-19.16232,-20.92037
6.37,-21.72735,-19.03372,-21.64007,-20.70327,-19.19213,-20.96517
6.38,-21.80275,-19.06149,-21.67245,-20.75778,-19.22215,-21.01057
6.39,-21.87767,-19.08857,-21.70531,-20.81169,-19.25234,-21.05657
6.4,-21.95211,-19.11497,-21.73871,-20.86497,-19.2827,-21.10312
6.41,-22.02601,-19.1407,-21.77268,-20.91759,-19.31319,-21.15021
6.42,-22.09937,-19.16577,-21.80725,-20.96953,-19.34381,-21.1978
6.43,-22.17214,-19.19018,-21.84246,-21.02076,-19.37451,-21.24585
6.44,-22.2443,-19.21395,-21.87831,-21.07124,-19.4053,-21.29433
6.45,-22.31581,-19.23709,-21.91481,-21.12095,-19.43613,-21.34321
6.46,-22.38664,-19.25959,-21.95195,-21.16986,-19.467,-21.39243
6.47,-22.45674,-19.28146,-21.98969,-21.21793,-19.49786,-21.44196
6.48,-22.52607,-19.30272,-22.028,-21.26513,-19.52871,-21.49175
6.49,-22.5946,-19.32336,-22.06681,-21.31142,-19.55951,-21.54174
6.5,-22.66227,-19.34339,-22.10604,-21.35678,-19.59023,-21.59189
6.51,-22.72903,-19.36281,-22.14558,-21.40116,-19.62085,-21.64213
6.52,-22.79484,-19.38163,-22.18533,-21.44453,-19.65135,-21.6924
6.53,-22.85962,-19.39986,-22.22514,-21.48685,-19.68168,-21.74263
6.54,-22.92333,-19.41748,-22.26487,-21.52808,-19.71183,-21.79276
6.55,-22.9859,-19.43452,-22.30436,-21.56818,-19.74176,-21.84271
6.56,-23.04725,-19.45096,-22.34343,-21.6071,-19.77143,-21.89239
6.57,-23.10731,-19.4668,-22.38192,-21.64481,-19.80083,-21.94172
6.58,-23.16601,-19.48206,-22.41963,-21.68126,-19.8299,-21.99061
6.59,-23.22325,-19.49673,-22.45639,-21.71641,-19.85863,-22.03896
6.6,-23.27896,-19.51081,-22.492,-21.75021,-19.88696,-22.08667
6.61,-23.33303,-19.5243,-22.52629,-21.7826,-19.91488,-22.13362
6.62,-23.38536,-19.5372,-22.55909,-21.81355,-19.94234,-22.17971
6.63,-23.43586,-19.54951,-22.59022,-21.843,-19.96931,-22.2248
6.64,-23.4844,-19.56123,-22.61953,-21.87089,-19.99574,-22.26877
6.65,-23.53087,-19.57235,-22.64686,-21.89719,-20.0216,-22.31149
6.66,-23.57516,-19.58287,-22.67208,-21.92182,-20.04686,-22.35281
6.67,-23.61712,-19.5928,-22.69506,-21.94473,-20.07146,-22.39258
6.68,-23.65664,-19.60212,-22.71569,-21.96587,-20.09538,-22.43065
6.69,-23.69357,-19.61084,-22.73385,-21.98519,-20.11857,-22.46685
6.7,-23.72777,-19.61895,-22.74945,-22.00261,-20.14099,-22.50103
6.71,-23.7591,-19.62644,-22.76242,-22.01808,-20.1626,-22.533
6.72,-23.7874,-19.63332,-22.77267,-22.03154,-20.18336,-22.5626
6.73,-23.81253,-19.63957,-22.78014,-22.04293,-20.20323,-22.58963
6.74,-23.83434,-19.64519,-22.78478,-22.05218,-20.22216,-22.61393
6.75,-23.85267,-19.65018,-22.78655,-22.05923,-20.24012,-22.6353
6.76,-23.86737,-19.65453,-22.78539,-22.06402,-20.25706,-22.65356
6.77,-23.87828,-19.65824,-22.78129,-22.06648,-20.27293,-22.66853
6.78,-23.88526,-19.6613,-22.77422,-22.06655,-20.28771,-22.68001
6.79,-23.88817,-19.66369,-22.76415,-22.06416,-20.30134,-22.68783
6.8,-23.88687,-19.66543,-22.75108,-22.05926,-20.31379,-22.69182
6.81,-23.88122,-19.66649,-22.73499,-22.05177,-20.325,-22.6918
6.82,-23.8711,-19.66687,-22.71587,-22.04163,-20.33495,-22.68762
6.83,-23.8564,-19.66656,-22.69374,-22.02879,-20.34359,-22.67912
6.84,-23.83703,-19.66556,-22.66857,-22.01318,-20.35088,-22.66617
6.85,-23.81289,-19.66386,-22.6404,-21.99474,-20.35679,-22.64864
6.86,-23.78391,-19.66144,-22.60921,-21.97341,-20.36127,-22.62643
6.87,-23.75004,-19.65831,-22.57502,-21.94915,-20.36428,-22.59943
6.88,-23.71125,-19.65445,-22.53785,-21.92188,-20.3658,-22.56758
6.89,-23.66751,-19.64985,-22.4977,-21.89158,-20.36578,-22.53082
6.9,-23.61882,-19.64451,-22.45461,-21.85818,-20.3642,-22.48911
6.91,-23.56521,-19.63842,-22.40857,-21.82164,-20.36103,-22.44243
6.92,-23.50672,-19.63156,-22.35962,-21.78192,-20.35623,-22.3908
6.93,-23.44341,-19.62393,-22.30778,-21.73899,-20.34978,-22.33424
6.94,-23.37535,-19.61553,-22.25308,-21.6928,-20.34165,-22.27279
6.95,-23.30266,-19.60633,-22.19553,-21.64334,-20.33183,-22.20653
6.96,-23.22545,-19.59635,-22.13517,-21.59056,-20.3203,-22.13555
6.97,-23.14387,-19.58555,-22.07203,-21.53447,-20.30705,-22.05995
6.98,-23.05806,-19.57395,-22.00614,-21.47503,-20.29206,-21.97986
6.99,-22.9682,-19.56153,-21.93752,-21.41225,-20.27533,-21.89543
7,-22.87447,-19.54828,-21.86622,-21.34612,-20.25686,-21.8068
7.01,-22.77708,-19.53419,-21.79227,-21.27663,-20.23666,-21.71415
7.02,-22.67623,-19.51927,-21.71571,-21.20381,-20.21474,-21.61767
7.03,-22.57213,-19.50349,-21.63658,-21.12765,-20.19111,-21.51754
7.04,-22.46502,-19.48687,-21.55491,-21.04819,-20.1658,-21.41396
7.05,-22.35511,-19.46939,-21.47075,-20.96545,-20.13884,-21.30715
7.06,-22.24264,-19.45104,-21.38415,-20.87946,-20.11027,-21.1973
7.07,-22.12784,-19.43183,-21.29514,-20.79027,-20.08013,-21.08463
7.08,-22.01094,-19.41176,-21.20378,-20.69792,-20.04848,-20.96935
7.09,-21.89217,-19.39081,-21.11012,-20.60246,-20.01538,-20.85168
7.1,-21.77176,-19.36898,-21.01421,-20.50396,-19.9809,-20.73182
7.11,-21.64992,-19.34628,-20.9161,-20.40248,-19.94513,-20.60998
7.12,-21.52688,-19.32271,-20.81586,-20.2981,-19.90814,-20.48637
7.13,-21.40284,-19.29826,-20.71352,-20.1909,-19.87005,-20.36117
7.14,-21.27801,-19.27294,-20.60917,-20.08097,-19.83095,-20.23459
7.15,-21.15257,-19.24673,-20.50286,-19.9684,-19.79096,-20.1068
7.16,-21.02671,-19.21964,-20.39466,-19.85329,-19.75021,-19.97798
7.17,-20.9006,-19.19166,-20.28464,-19.73576,-19.70882,-19.84831
7.18,-20.77442,-19.16278,-20.17287,-19.61591,-19.66693,-19.71794
7.19,-20.64831,-19.13297,-20.05943,-19.49387,-19.6247,-19.58704
7.2,-20.52244,-19.10218,-19.9444,-19.36977,-19.58226,-19.45576
7.21,-20.39693,-19.07035,-19.82787,-19.24375,-19.53977,-19.32422
7.22,-20.27193,-19.03734,-19.70992,-19.11594,-19.49738,-19.19258
7.23,-20.14756,-19.00294,-19.59064,-18.9865,-19.45527,-19.06095
7.24,-20.02394,-18.96673,-19.47014,-18.85558,-19.41358,-18.92947
7.25,-19.90118,-18.92797,-19.34851,-18.72333,-19.37248,-18.79825
7.26,-19.7794,-18.88514,-19.22588,-18.58995,-19.33213,-18.6674
7.27,-19.65869,-18.83531,-19.10235,-18.45558,-19.29269,-18.53703
7.28,-19.53915,-18.77571,-18.97804,-18.32043,-19.25432,-18.40725
7.29,-19.4209,-18.74739,-18.85309,-18.18467,-19.21716,-18.27816
7.3,-19.30401,-18.82224,-18.72763,-18.04851,-19.18139,-18.14986
7.31,-19.1886,-18.81759,-18.60181,-17.91213,-19.14713,-18.02244
7.32,-19.07476,-18.78023,-18.47577,-17.77576,-19.11455,-17.89601
7.33,-18.96259,-18.74132,-18.34969,-17.63961,-19.08379,-17.77067
7.34,-18.85218,-18.70436,-18.22372,-17.5039,-19.05499,-17.64651
7.35,-18.74366,-18.66942,-18.09806,-17.36884,-19.02832,-17.52362
7.36,-18.63713,-18.63628,-17.97289,-17.23469,-19.00391,-17.40213
7.37,-18.5327,-18.60487,-17.84841,-17.10166,-18.98193,-17.28212
7.38,-18.43051,-18.57517,-17.72484,-16.97002,-18.96254,-17.1637
7.39,-18.33068,-18.54729,-17.6024,-16.84,-18.94591,-17.047
7.4,-18.23335,-18.52137,-17.48131,-16.71186,-18.93223,-16.93212
7.41,-18.13868,-18.49759,-17.36183,-16.58585,-18.92169,-16.81919
7.42,-18.04681,-18.47618,-17.24421,-16.46223,-18.91452,-16.70833
7.43,-17.95792,-18.45739,-17.12872,-16.34126,-18.91092,-16.59967
7.44,-17.87218,-18.4415,-17.01564,-16.22321,-18.91116,-16.49337
7.45,-17.78979,-18.4288,-16.90526,-16.10833,-18.91549,-16.38955
7.46,-17.71094,-18.41962,-16.79787,-15.99688,-18.9242,-16.28839
7.47,-17.63584,-18.41429,-16.69378,-15.88913,-18.93758,-16.19002
7.48,-17.5647,-18.41315,-16.59331,-15.78533,-18.95595,-16.09463
7.49,-17.49775,-18.41658,-16.49677,-15.68572,-18.97962,-16.00237
7.5,-17.43522,-18.42495,-16.4045,-15.59055,-19.00895,-15.91344
7.51,-17.37734,-18.43864,-16.31683,-15.50005,-19.04428,-15.82801
7.52,-17.32437,-18.45803,-16.23408,-15.41445,-19.08594,-15.74628
7.53,-17.27654,-18.4835,-16.15658,-15.33397,-19.13429,-15.66842
7.54,-17.23409,-18.51544,-16.08466,-15.25879,-19.18966,-15.59464
7.55,-17.19727,-18.55421,-16.01864,-15.18911,-19.25237,-15.52514
7.56,-17.16632,-18.60018,-15.95883,-15.1251,-19.32271,-15.46011
7.57,-17.14145,-18.65367,-15.90553,-15.06691,-19.40096,-15.39975
7.58,-17.1229,-18.71502,-15.85903,-15.01468,-19.48735,-15.34425
7.59,-17.11086,-18.78451,-15.81958,-14.96851,-19.58208,-15.29379
7.6,-17.10552,-18.8624,-15.78745,-14.92852,-19.68528,-15.24857
7.61,-17.10704,-18.94891,-15.76285,-14.89477,-19.79707,-15.20875
7.62,-17.11559,-19.04422,-15.74598,-14.86731,-19.91748,-15.1745
7.63,-17.13127,-19.14848,-15.73702,-14.84619,-20.0465,-15.14597
7.64,-17.15418,-19.26178,-15.73611,-14.83142,-20.18404,-15.1233
7.65,-17.1844,-19.38419,-15.74336,-14.82298,-20.33,-15.10661
7.66,-17.22195,-19.51569,-15.75887,-14.82086,-20.48416,-15.09601
7.67,-17.26684,-19.65626,-15.78268,-14.82501,-20.6463,-15.09158
7.68,-17.31906,-19.8058,-15.81481,-14.83536,-20.81611,-15.09339
7.69,-17.37854,-19.9642,-15.85527,-14.85184,-20.99327,-15.1015
7.7,-17.44521,-20.13128,-15.90401,-14.87436,-21.17738,-15.11593
7.71,-17.51895,-20.30685,-15.96098,-14.90281,-21.36803,-15.13668
7.72,-17.59962,-20.49067,-16.02608,-14.93708,-21.56478,-15.16374
7.73,-17.68706,-20.68247,-16.09923,-14.97703,-21.76715,-15.19709
7.74,-17.78109,-20.88197,-16.18027,-15.02253,-21.97467,-15.23666
7.75,-17.88151,-21.08886,-16.26908,-15.07344,-22.18683,-15.28239
7.76,-17.9881,-21.30283,-16.36549,-15.12962,-22.40312,-15.3342
7.77,-18.10062,-21.52353,-16.46934,-15.19091,-22.62303,-15.39198
7.78,-18.21885,-21.75063,-16.58044,-15.25716,-22.84606,-15.45563
7.79,-18.34254,-21.98378,-16.69861,-15.32824,-23.0717,-15.52504
7.8,-18.47145,-22.22264,-16.82368,-15.40398,-23.29945,-15.60007
7.81,-18.60532,-22.46686,-16.95545,-15.48424,-23.52882,-15.6806
7.82,-18.74393,-22.7161,-17.09373,-15.56889,-23.75934,-15.76651
7.83,-18.88703,-22.97002,-17.23836,-15.65778,-23.99053,-15.85767
7.84,-19.03442,-23.22829,-17.38915,-15.7508,-24.22193,-15.95397
7.85,-19.18586,-23.49057,-17.54594,-15.8478,-24.4531,-16.0553
7.86,-19.34118,-23.75654,-17.70857,-15.94869,-24.68359,-16.16157
7.87,-19.50019,-24.02587,-17.87689,-16.05336,-24.91299,-16.2727
7.88,-19.66273,-24.29824,-18.05076,-16.1617,-25.14086,-16.38863
7.89,-19.82866,-24.57331,-18.23005,-16.27364,-25.36679,-16.50933
7.9,-19.99786,-24.85074,-18.41464,-16.3891,-25.59037,-16.63476
7.91,-20.17022,-25.13019,-18.60443,-16.50801,-25.81121,-16.76494
7.92,-20.34567,-25.41127,-18.79931,-16.63031,-26.02888,-16.8999
7.93,-20.52416,-25.69361,-18.9992,-16.75596,-26.24301,-17.03969
7.94,-20.70564,-25.97676,-19.20402,-16.88494,-26.45317,-17.18439
7.95,-20.89012,-26.26027,-19.41369,-17.0172,-26.65898,-17.33411
7.96,-21.07761,-26.54362,-19.62815,-17.15275,-26.86002,-17.48897
7.97,-21.26814,-26.82625,-19.84733,-17.29157,-27.0559,-17.6491
7.98,-21.46176,-27.10752,-20.07119,-17.43369,-27.24621,-17.81468
7.99,-21.65856,-27.3867,-20.29967,-17.57912,-27.43054,-17.98587
8,-21.85862,-27.66301,-20.53271,-17.72789,-27.60849,-18.16284
8.01,-22.06205,-27.93554,-20.77026,-17.88005,-27.77965,-18.34578
8.02,-22.26898,-28.20328,-21.01225,-18.03563,-27.94364,-18.53485
8.03,-22.47954,-28.46513,-21.25863,-18.19472,-28.10004,-18.7302
8.04,-22.69386,-28.71987,-21.50931,-18.35736,-28.2485,-18.93198
8.05,-22.91208,-28.96615,-21.76419,-18.52365,-28.38865,-19.14029
8.06,-23.13434,-29.20256,-22.02317,-18.69366,-28.52015,-19.35521
8.07,-23.36075,-29.42759,-22.28612,-18.86749,-28.64268,-19.57679
8.08,-23.59142,-29.6397,-22.55288,-19.04523,-28.75598,-19.80501
8.09,-23.82642,-29.83732,-22.82325,-19.22698,-28.85981,-20.03984
8.1,-24.06579,-30.01896,-23.09702,-19.41285,-28.954,-20.28118
8.11,-24.30952,-30.1832,-23.3739,-19.60295,-29.03841,-20.5289
8.12,-24.55753,-30.32883,-23.65358,-19.79737,-29.11298,-20.78283
8.13,-24.80967,-30.45488,-23.93567,-19.99622,-29.17775,-21.04274
8.14,-25.06572,-30.56069,-24.21974,-20.1996,-29.23279,-21.30838
8.15,-25.32532,-30.646,-24.50528,-20.40759,-29.2783,-21.57948
8.16,-25.58802,-30.71096,-24.79168,-20.62026,-29.31456,-21.85572
8.17,-25.85322,-30.7562,-25.07827,-20.83769,-29.34194,-22.13678
8.18,-26.12017,-30.78277,-25.36428,-21.05991,-29.36091,-22.42232
8.19,-26.38797,-30.79217,-25.64883,-21.28693,-29.37207,-22.71196
8.2,-26.65552,-30.78629,-25.93095,-21.51875,-29.37608,-23.00533
8.21,-26.92156,-30.76731,-26.20956,-21.75533,-29.37372,-23.30203
8.22,-27.18464,-30.73767,-26.4835,-21.99656,-29.36587,-23.60165
8.23,-27.44313,-30.69992,-26.75148,-22.24232,-29.35347,-23.90372
8.24,-27.69522,-30.6567,-27.01217,-22.49242,-29.33755,-24.20773
8.25,-27.93898,-30.6106,-27.26415,-22.74661,-29.31922,-24.51313
8.26,-28.17238,-30.56411,-27.50597,-23.00457,-29.29961,-24.81927
8.27,-28.39331,-30.51957,-27.73616,-23.26589,-29.2799,-25.12539
8.28,-28.59969,-30.47907,-27.95331,-23.5301,-29.26128,-25.4306
8.29,-28.78951,-30.4445,-28.15605,-23.79663,-29.24494,-25.73385
8.3,-28.96089,-30.41743,-28.34314,-24.0648,-29.23203,-26.03391
8.31,-29.11221,-30.3992,-28.5135,-24.33384,-29.22369,-26.32931
8.32,-29.24212,-30.39082,-28.66626,-24.60287,-29.22094,-26.61835
8.33,-29.34965,-30.39307,-28.80078,-24.87092,-29.22477,-26.89908
8.34,-29.43422,-30.40646,-28.91669,-25.13691,-29.23602,-27.16928
8.35,-29.49565,-30.43126,-29.01392,-25.39965,-29.25544,-27.42649
8.36,-29.5342,-30.46755,-29.09268,-25.6579,-29.28363,-27.66807
8.37,-29.55051,-30.51523,-29.15343,-25.91035,-29.32108,-27.89127
8.38,-29.54555,-30.57403,-29.19692,-26.15564,-29.36809,-28.09333
8.39,-29.52059,-30.64359,-29.22409,-26.39241,-29.42486,-28.27163
8.4,-29.47708,-30.72343,-29.23608,-26.61931,-29.49143,-28.42388
8.41,-29.41664,-30.81302,-29.23415,-26.83509,-29.56771,-28.54827
8.42,-29.34096,-30.91177,-29.21964,-27.03855,-29.6535,-28.64364
8.43,-29.25173,-31.01905,-29.19397,-27.22867,-29.7485,-28.70961
8.44,-29.15062,-31.13425,-29.15852,-27.40459,-29.85229,-28.74664
8.45,-29.03924,-31.25674,-29.11467,-27.56567,-29.96441,-28.75605
8.46,-28.91908,-31.38589,-29.06375,-27.71147,-30.08434,-28.73994
8.47,-28.79156,-31.52111,-29.00701,-27.84183,-30.2115,-28.70103
8.48,-28.65793,-31.66183,-28.9456,-27.95682,-30.34531,-28.64253
8.49,-28.51936,-31.80752,-28.88058,-28.05673,-30.48515,-28.56793
8.5,-28.37688,-31.95765,-28.81293,-28.1421,-30.63042,-28.48079
8.51,-28.2381,-32.14176,-28.64712,-28.25564,-30.7764,-28.36579
8.52,-28.10374,-32.33518,-28.50909,-28.33088,-30.93232,-28.25626
8.53,-27.97368,-32.53848,-28.39285,-28.37237,-31.09871,-28.15146
8.54,-27.84778,-32.75231,-28.29316,-28.38511,-31.27611,-28.0508
8.55,-27.72592,-32.97737,-28.20579,-28.37407,-31.46509,-27.95382
8.56,-27.608,-33.21443,-28.12751,-28.34394,-31.66625,-27.86018
8.57,-27.49392,-33.46432,-28.05587,-28.29889,-31.8802,-27.7696
8.58,-27.38357,-33.72798,-27.98907,-28.24254,-32.10757,-27.68187
8.59,-27.27688,-34.00643,-27.92577,-28.17795,-32.34903,-27.59683
8.6,-27.17377,-34.30082,-27.86501,-28.10763,-32.60524,-27.51436
8.61,-27.07416,-34.61241,-27.80607,-28.0336,-32.87692,-27.43436
8.62,-26.978,-34.94263,-27.74844,-27.95748,-33.16478,-27.35678
8.63,-26.88522,-35.29308,-27.69172,-27.88057,-33.46957,-27.28156
8.64,-26.79578,-35.66557,-27.63566,-27.80384,-33.79201,-27.2087
8.65,-26.70964,-36.06213,-27.58005,-27.72806,-34.13288,-27.13816
8.66,-26.62677,-36.48509,-27.52475,-27.65382,-34.49289,-27.06995
8.67,-26.54713,-36.9371,-27.46967,-27.58153,-34.87275,-27.00406
8.68,-26.4707,-37.4212,-27.41475,-27.51151,-35.2731,-26.94052
8.69,-26.39747,-37.94087,-27.35994,-27.44399,-35.69445,-26.87934
8.7,-26.32744,-38.50011,-27.30524,-27.37912,-36.13714,-26.82052
8.71,-26.2606,-39.10351,-27.25063,-27.31699,-36.60123,-26.7641
8.72,-26.19695,-39.75628,-27.19613,-27.25767,-37.08634,-26.71009
8.73,-26.13651,-40.46421,-27.14175,-27.20116,-37.59147,-26.6585
8.74,-26.07928,-41.23356,-27.08752,-27.14748,-38.11469,-26.60936
8.75,-26.02529,-42.07048,-27.03347,-27.09659,-38.65278,-26.56269
8.76,-25.97456,-42.9798,-26.97963,-27.04846,-39.20068,-26.51848
8.77,-25.92711,-43.96218,-26.92604,-27.00305,-39.75093,-26.47677
8.78,-25.88298,-45.00806,-26.87276,-26.9603,-40.29289,-26.43754
8.79,-25.84219,-46.08573,-26.81982,-26.92015,-40.81221,-26.40081
8.8,-25.80479,-47.1208,-26.76729,-26.88254,-41.29056,-26.36658
8.81,-25.77081,-47.97349,-26.7152,-26.84741,-41.70626,-26.33483
8.82,-25.74029,-48.44869,-26.66362,-26.8147,-42.03622,-26.30556
8.83,-25.71327,-48.39117,-26.61261,-26.78432,-42.25941,-26.27876
8.84,-25.68978,-47.81281,-26.56222,-26.75623,-42.36117,-26.25441
8.85,-25.66988,-46.88157,-26.51252,-26.73036,-42.33682,-26.23248
8.86,-25.65359,-45.78916,-26.46358,-26.70663,-42.19301,-26.21295
8.87,-25.64096,-44.6669,-26.41546,-26.68499,-41.94577,-26.19579
8.88,-25.63201,-43.58284,-26.36822,-26.66537,-41.61672,-26.18096
8.89,-25.62679,-42.56525,-26.32195,-26.64772,-41.2287,-26.16842
8.9,-25.62532,-41.62213,-26.27671,-26.63196,-40.8027,-26.15814
8.91,-25.62762,-40.75223,-26.23257,-26.61805,-40.35613,-26.15005
8.92,-25.63372,-39.95062,-26.18961,-26.60592,-39.90246,-26.14413
8.93,-25.64363,-39.21125,-26.14791,-26.59551,-39.45153,-26.1403
8.94,-25.65736,-38.52807,-26.10754,-26.58677,-39.0102,-26.13853
8.95,-25.67492,-37.89548,-26.06859,-26.57965,-38.58306,-26.13875
8.96,-25.69631,-37.3085,-26.03113,-26.57408,-38.17298,-26.1409
8.97,-25.72152,-36.76277,-25.99523,-26.57002,-37.78168,-26.14493
8.98,-25.75053,-36.25448,-25.961,-26.56741,-37.41002,-26.15078
8.99,-25.78332,-35.78035,-25.92849,-26.56619,-37.05831,-26.15838
9,-25.81987,-35.33749,-25.89779,-26.56632,-36.7265,-26.16768
9.01,-25.86013,-34.92343,-25.86899,-26.56775,-36.41428,-26.17861
9.02,-25.90407,-34.53595,-25.84216,-26.57043,-36.12122,-26.19111
9.03,-25.95162,-34.17315,-25.81738,-26.5743,-35.84681,-26.20513
9.04,-26.00273,-33.83332,-25.79472,-26.57932,-35.59049,-26.2206
9.05,-26.05732,-33.51494,-25.77427,-26.58543,-35.35168,-26.23747
9.06,-26.11534,-33.21664,-25.75609,-26.5926,-35.12982,-26.25569
9.07,-26.17667,-32.93721,-25.74025,-26.60077,-34.92435,-26.2752
9.08,-26.24125,-32.67552,-25.72682,-26.60991,-34.7347,-26.29594
9.09,-26.30895,-32.43053,-25.71587,-26.61995,-34.56034,-26.31789
9.1,-26.37969,-32.20129,-25.70745,-26.63087,-34.40072,-26.34098
9.11,-26.45333,-31.9869,-25.70162,-26.64263,-34.25529,-26.36517
9.12,-26.52977,-31.78653,-25.69843,-26.65517,-34.12347,-26.39044
9.13,-26.60886,-31.59936,-25.69792,-26.66848,-34.00466,-26.41673
9.14,-26.69046,-31.42462,-25.70014,-26.68251,-33.8982,-26.44403
9.15,-26.77445,-31.26155,-25.70511,-26.69723,-33.80341,-26.4723
9.16,-26.86065,-31.10943,-25.71288,-26.71263,-33.71949,-26.50152
9.17,-26.94892,-30.96752,-25.72345,-26.72869,-33.6456,-26.53166
9.18,-27.03908,-30.83513,-25.73684,-26.74539,-33.58076,-26.56272
9.19,-27.13097,-30.71155,-25.75305,-26.76274,-33.52393,-26.59467
9.2,-27.2244,-30.59606,-25.7721,-26.78074,-33.47392,-26.62751
9.21,-27.3192,-30.48798,-25.79395,-26.79944,-33.42945,-26.66122
9.22,-27.41516,-30.38659,-25.81861,-26.81886,-33.38911,-26.69581
9.23,-27.51209,-30.29122,-25.84604,-26.83908,-33.35141,-26.73127
9.24,-27.60979,-30.20116,-25.87621,-26.86018,-33.31475,-26.76761
9.25,-27.70804,-30.11572,-25.90907,-26.88228,-33.27749,-26.80481
9.26,-27.80663,-30.03423,-25.94458,-26.90553,-33.23794,-26.84289
9.27,-27.90534,-29.95603,-25.98268,-26.93011,-33.19445,-26.88184
9.28,-28.00394,-29.88045,-26.02329,-26.95624,-33.14539,-26.92166
9.29,-28.10219,-29.80687,-26.06634,-26.98416,-33.08925,-26.96236
9.3,-28.19986,-29.73467,-26.11174,-27.01416,-33.02469,-27.00391
9.31,-28.2967,-29.66328,-26.15941,-27.04651,-32.95052,-27.04632
9.32,-28.39246,-29.59215,-26.20924,-27.08148,-32.86582,-27.08956
9.33,-28.4869,-29.52077,-26.26112,-27.11929,-32.76992,-27.13361
9.34,-28.57975,-29.44867,-26.31493,-27.16009,-32.66242,-27.17842
9.35,-28.67076,-29.37543,-26.37055,-27.20385,-32.5432,-27.22394
9.36,-28.75967,-29.30069,-26.42786,-27.2504,-32.41242,-27.27012
9.37,-28.84621,-29.22412,-26.48671,-27.29933,-32.27046,-27.31687
9.38,-28.93013,-29.14546,-26.54697,-27.34999,-32.11792,-27.36411
9.39,-29.01117,-29.06449,-26.60848,-27.40157,-31.95557,-27.41171
9.4,-29.08906,-28.98107,-26.6711,-27.45307,-31.78431,-27.45955
9.41,-29.16355,-28.89508,-26.73466,-27.50348,-31.60511,-27.50747
9.42,-29.2344,-28.80647,-26.799,-27.55181,-31.41899,-27.55532
9.43,-29.30136,-28.71524,-26.86397,-27.59721,-31.22699,-27.60291
9.44,-29.36419,-28.62143,-26.92939,-27.63903,-31.03011,-27.65004
9.45,-29.42268,-28.52512,-26.9951,-27.67684,-30.82932,-27.6965
9.46,-29.4766,-28.42643,-27.06092,-27.71041,-30.62554,-27.74206
9.47,-29.52576,-28.32551,-27.12669,-27.73971,-30.41958,-27.78651
9.48,-29.56997,-28.22253,-27.19224,-27.76482,-30.21222,-27.8296
9.49,-29.60907,-28.1177,-27.2574,-27.78592,-30.00413,-27.87112
9.5,-29.64289,-28.01124,-27.322,-27.80325,-29.7959,-27.91085
9.51,-29.67132,-27.90336,-27.38588,-27.81702,-29.58806,-27.94856
9.52,-29.69423,-27.79431,-27.44888,-27.82748,-29.38106,-27.98408
9.53,-29.71154,-27.68434,-27.51085,-27.83482,-29.17528,-28.01724
9.54,-29.72317,-27.57367,-27.57164,-27.83922,-28.97104,-28.04787
9.55,-29.72909,-27.46256,-27.63111,-27.84084,-28.76862,-28.07586
9.56,-29.72927,-27.35124,-27.68913,-27.83978,-28.56824,-28.10112
9.57,-29.7237,-27.23993,-27.74558,-27.83613,-28.37008,-28.12357
9.58,-29.71241,-27.12887,-27.80035,-27.82998,-28.17429,-28.14317
9.59,-29.69544,-27.01824,-27.85334,-27.82137,-27.98098,-28.15992
9.6,-29.67286,-26.90826,-27.90445,-27.81035,-27.79026,-28.17382
9.61,-29.64475,-26.79911,-27.95362,-27.79697,-27.60218,-28.18491
9.62,-29.61122,-26.69096,-28.00079,-27.78127,-27.41681,-28.19325
9.63,-29.57239,-26.58398,-28.04591,-27.76332,-27.23418,-28.1989
9.64,-29.52839,-26.47829,-28.08895,-27.74316,-27.05431,-28.20196
9.65,-29.4794,-26.37405,-28.12989,-27.72088,-26.87723,-28.20253
9.66,-29.42556,-26.27137,-28.16875,-27.69658,-26.70295,-28.2007
9.67,-29.36706,-26.17036,-28.20552,-27.67038,-26.53148,-28.1966
9.68,-29.30409,-26.0711,-28.24026,-27.64241,-26.36281,-28.19033
9.69,-29.23686,-25.9737,-28.27299,-27.61284,-26.19696,-28.18201
9.7,-29.16556,-25.87821,-28.30379,-27.58187,-26.03392,-28.17177
9.71,-29.09041,-25.78471,-28.33272,-27.5497,-25.87369,-28.1597
9.72,-29.01163,-25.69324,-28.35986,-27.51657,-25.71628,-28.14591
9.73,-28.92943,-25.60386,-28.38531,-27.48274,-25.56169,-28.13052
9.74,-28.84405,-25.51658,-28.40918,-27.44849,-25.40992,-28.11361
9.75,-28.7557,-25.43144,-28.43155,-27.41411,-25.26098,-28.09528
9.76,-28.66461,-25.34846,-28.45255,-27.3799,-25.11489,-28.07561
9.77,-28.57101,-25.26765,-28.47228,-27.34615,-24.97165,-28.05467
9.78,-28.47512,-25.18902,-28.49084,-27.31316,-24.83127,-28.03255
9.79,-28.37718,-25.11257,-28.50834,-27.28123,-24.69379,-28.00931
9.8,-28.2774,-25.03828,-28.52486,-27.25063,-24.55921,-27.985
9.81,-28.17602,-24.96616,-28.54048,-27.22161,-24.42756,-27.95968
9.82,-28.07325,-24.89618,-28.55528,-27.1944,-24.29887,-27.9334
9.83,-27.96931,-24.82832,-28.5693,-27.16921,-24.17317,-27.9062
9.84,-27.86444,-24.76258,-28.58256,-27.14619,-24.05049,-27.87812
9.85,-27.75886,-24.69891,-28.59509,-27.12548,-23.93086,-27.84919
9.86,-27.65278,-24.63729,-28.60686,-27.10717,-23.81431,-27.81944
9.87,-27.54644,-24.57768,-28.61783,-27.09131,-23.70087,-27.78891
9.88,-27.44005,-24.52007,-28.62794,-27.07793,-23.5906,-27.75761
9.89,-27.33384,-24.4644,-28.63709,-27.06701,-23.48351,-27.72557
9.9,-27.22804,-24.41064,-28.64517,-27.05849,-23.37966,-27.6928
9.91,-27.12287,-24.35876,-28.65204,-27.05232,-23.27907,-27.65932
9.92,-27.01857,-24.30871,-28.65753,-27.04838,-23.18177,-27.62514
9.93,-26.91536,-24.26045,-28.66145,-27.04655,-23.08782,-27.59027
9.94,-26.81347,-24.21395,-28.6636,-27.04668,-22.99722,-27.55473
9.95,-26.71313,-24.16915,-28.66375,-27.04864,-22.91002,-27.51852
9.96,-26.61457,-24.12601,-28.66168,-27.05224,-22.82624,-27.48164
9.97,-26.51802,-24.0845,-28.65715,-27.05732,-22.74591,-27.44412
9.98,-26.42371,-24.04456,-28.64992,-27.06371,-22.66905,-27.40594
9.99,-26.33185,-24.00616,-28.63977,-27.07123,-22.59566,-27.36712
10,-26.24266,-23.96925,-28.62646,-27.0797,-22.52577,-27.32766
10.01,-26.15634,-23.93379,-28.6098,-27.08896,-22.45939,-27.28756
10.02,-26.0731,-23.89973,-28.5896,-27.09884,-22.39651,-27.24683
10.03,-25.99311,-23.86703,-28.56569,-27.10918,-22.33713,-27.20547
10.04,-25.91654,-23.83566,-28.53795,-27.11984,-22.28124,-27.16347
10.05,-25.84354,-23.80556,-28.50629,-27.13066,-22.22884,-27.12086
10.06,-25.77424,-23.77671,-28.47064,-27.14151,-22.17989,-27.07761
10.07,-25.70875,-23.74905,-28.43097,-27.15226,-22.13438,-27.03375
10.08,-25.64714,-23.72255,-28.38732,-27.16281,-22.09227,-26.98926
10.09,-25.58945,-23.69717,-28.33973,-27.17303,-22.05352,-26.94416
10.1,-25.53572,-23.67287,-28.28829,-27.18283,-22.0181,-26.89844
10.11,-25.48591,-23.64963,-28.23315,-27.19211,-21.98594,-26.8521
10.12,-25.43997,-23.62739,-28.17447,-27.20079,-21.95701,-26.80516
10.13,-25.39784,-23.60613,-28.11243,-27.20878,-21.93123,-26.75761
10.14,-25.35937,-23.58582,-28.04728,-27.21603,-21.90855,-26.70946
10.15,-25.32443,-23.56642,-27.97925,-27.22245,-21.88888,-26.6607
10.16,-25.29282,-23.54791,-27.90862,-27.22799,-21.87216,-26.61135
10.17,-25.26433,-23.53024,-27.83566,-27.2326,-21.85831,-26.5614
10.18,-25.23873,-23.51341,-27.76067,-27.23622,-21.84724,-26.51087
10.19,-25.21574,-23.49737,-27.68395,-27.23882,-21.83887,-26.45976
10.2,-25.19508,-23.4821,-27.6058,-27.24034,-21.83311,-26.40807
10.21,-25.17646,-23.46758,-27.52652,-27.24076,-21.82986,-26.35581
10.22,-25.15956,-23.45379,-27.4464,-27.24004,-21.82903,-26.30299
10.23,-25.14409,-23.4407,-27.36574,-27.23814,-21.83052,-26.24962
10.24,-25.12972,-23.42829,-27.28482,-27.23505,-21.83424,-26.1957
10.25,-25.11615,-23.41655,-27.2039,-27.23073,-21.84008,-26.14124
10.26,-25.10308,-23.40545,-27.12323,-27.22518,-21.84795,-26.08625
10.27,-25.09023,-23.39499,-27.04306,-27.21835,-21.85774,-26.03075
10.28,-25.07733,-23.38515,-26.96361,-27.21025,-21.86935,-25.97474
10.29,-25.06412,-23.37591,-26.88509,-27.20084,-21.88269,-25.91824
10.3,-25.05038,-23.36727,-26.80768,-27.19013,-21.89764,-25.86126
10.31,-25.03591,-23.35922,-26.73155,-27.17809,-21.91412,-25.80381
10.32,-25.02052,-23.35174,-26.65687,-27.16472,-21.93203,-25.74591
10.33,-25.00406,-23.34483,-26.58377,-27.15001,-21.95126,-25.68758
10.34,-24.98639,-23.33849,-26.51237,-27.13395,-21.97173,-25.62883
10.35,-24.96741,-23.33271,-26.44279,-27.11653,-21.99335,-25.56969
10.36,-24.94702,-23.3275,-26.37511,-27.09775,-22.01601,-25.51016
10.37,-24.92518,-23.32285,-26.3094,-27.07761,-22.03965,-25.45028
10.38,-24.90184,-23.31876,-26.24574,-27.0561,-22.06416,-25.39006
10.39,-24.87697,-23.31525,-26.18418,-27.03322,-22.08947,-25.32953
10.4,-24.85058,-23.31231,-26.12475,-27.00898,-22.11551,-25.26872
10.41,-24.82268,-23.30995,-26.06749,-26.98337,-22.14218,-25.20764
10.42,-24.79329,-23.30819,-26.0124,-26.9564,-22.16943,-25.14634
10.43,-24.76245,-23.30704,-25.9595,-26.92807,-22.19717,-25.08483
10.44,-24.73022,-23.3065,-25.9088,-26.89838,-22.22535,-25.02316
10.45,-24.69665,-23.3066,-25.86027,-26.86736,-22.2539,-24.96134
10.46,-24.66181,-23.30735,-25.81391,-26.83499,-22.28275,-24.89943
10.47,-24.62578,-23.30877,-25.7697,-26.80129,-22.31187,-24.83746
10.48,-24.58863,-23.31089,-25.72761,-26.76628,-22.34118,-24.77546
10.49,-24.55044,-23.31372,-25.6876,-26.72996,-22.37064,-24.71348
10.5,-24.5113,-23.3173,-25.64965,-26.69235,-22.40021,-24.65156
10.51,-24.47129,-23.32165,-25.61371,-26.65347,-22.42984,-24.58975
10.52,-24.43051,-23.3268,-25.57975,-26.61332,-22.45949,-24.52809
10.53,-24.38903,-23.33279,-25.54771,-26.57194,-22.48914,-24.46663
10.54,-24.34694,-23.33964,-25.51755,-26.52933,-22.51874,-24.40543
10.55,-24.30433,-23.3474,-25.48922,-26.48553,-22.54827,-24.34454
10.56,-24.26129,-23.3561,-25.46268,-26.44055,-22.57771,-24.28402
10.57,-24.21788,-23.36579,-25.43786,-26.39443,-22.60703,-24.22392
10.58,-24.17419,-23.3765,-25.41473,-26.34718,-22.63621,-24.16432
10.59,-24.13031,-23.38829,-25.39322,-26.29885,-22.66525,-24.10526
10.6,-24.08629,-23.40119,-25.3733,-26.24945,-22.69412,-24.04683
10.61,-24.04222,-23.41526,-25.35489,-26.19903,-22.72283,-23.98908
10.62,-23.99815,-23.43055,-25.33797,-26.14762,-22.75136,-23.93208
10.63,-23.95417,-23.4471,-25.32247,-26.09526,-22.77972,-23.87592
10.64,-23.91032,-23.46498,-25.30835,-26.04198,-22.80791,-23.82066
10.65,-23.86667,-23.48424,-25.29556,-25.98783,-22.83593,-23.76638
10.66,-23.82327,-23.50493,-25.28406,-25.93285,-22.86378,-23.71316
10.67,-23.78019,-23.52712,-25.27379,-25.87709,-22.89148,-23.66108
10.68,-23.73746,-23.55086,-25.26472,-25.8206,-22.91903,-23.61022
10.69,-23.69514,-23.5762,-25.2568,-25.76342,-22.94646,-23.56065
10.7,-23.65328,-23.60322,-25.25,-25.70561,-22.97377,-23.51246
10.71,-23.61192,-23.63197,-25.24427,-25.64723,-23.00099,-23.46572
10.72,-23.5711,-23.66251,-25.23957,-25.58832,-23.02813,-23.42053
10.73,-23.53085,-23.6949,-25.23588,-25.52896,-23.05521,-23.37694
10.74,-23.49123,-23.7292,-25.23315,-25.46919,-23.08226,-23.33503
10.75,-23.45225,-23.76547,-25.23136,-25.40908,-23.10929,-23.29487
10.76,-23.41395,-23.80376,-25.23048,-25.3487,-23.13634,-23.25652
10.77,-23.37637,-23.84413,-25.23047,-25.2881,-23.16343,-23.22002
10.78,-23.33953,-23.88663,-25.23132,-25.22737,-23.19058,-23.18541
10.79,-23.30345,-23.93132,-25.23299,-25.16656,-23.21781,-23.15271
10.8,-23.26817,-23.97823,-25.23546,-25.10575,-23.24516,-23.12189
10.81,-23.23371,-24.02742,-25.23872,-25.04501,-23.27264,-23.0929
10.82,-23.20009,-24.07891,-25.24275,-24.98441,-23.30028,-23.06565
10.83,-23.16732,-24.13275,-25.24752,-24.92402,-23.32811,-23.03994
10.84,-23.13544,-24.18897,-25.25302,-24.86393,-23.35614,-23.01548
10.85,-23.10445,-24.24758,-25.25924,-24.8042,-23.38441,-22.99183
10.86,-23.07437,-24.3086,-25.26616,-24.74491,-23.41292,-22.96832
10.87,-23.04522,-24.37206,-25.27378,-24.68614,-23.44171,-22.94415
10.88,-23.01702,-24.43794,-25.28209,-24.62796,-23.47078,-22.91872
10.89,-22.98977,-24.50624,-25.29107,-24.57045,-23.50015,-22.89369
10.9,-22.96349,-24.57696,-25.30073,-24.51368,-23.52985,-22.87987
10.91,-22.93819,-24.65008,-25.31105,-24.45773,-23.55988,-22.90751
10.92,-22.91389,-24.72556,-25.32204,-24.40268,-23.59025,-22.99402
10.93,-22.89058,-24.80336,-25.3337,-24.34859,-23.62098,-23.08477
10.94,-22.86828,-24.88345,-25.34602,-24.29553,-23.65207,-23.14004
10.95,-22.847,-24.96576,-25.359,-24.24358,-23.68354,-23.17165
10.96,-22.82674,-25.05023,-25.37266,-24.19281,-23.71537,-23.1951
10.97,-22.80751,-25.13679,-25.38699,-24.14328,-23.74758,-23.21782
10.98,-22.78932,-25.22534,-25.402,-24.09506,-23.78017,-23.24276
10.99,-22.77218,-25.3158,-25.41769,-24.0482,-23.81314,-23.271
11,-22.75608,-25.40806,-25.43408,-24.00276,-23.84649,-23.30291
11.01,-22.74103,-25.502,-25.45117,-23.95881,-23.8802,-23.33858
11.02,-22.72704,-25.59751,-25.46897,-23.9164,-23.91429,-23.37798
11.03,-22.7141,-25.69445,-25.4875,-23.87557,-23.94874,-23.42106
11.04,-22.70223,-25.79269,-25.50676,-23.83637,-23.98354,-23.46773
11.05,-22.69142,-25.89208,-25.52677,-23.79884,-24.01869,-23.51791
11.06,-22.68168,-25.99246,-25.54754,-23.76303,-24.05417,-23.5715
11.07,-22.673,-26.09368,-25.56909,-23.72898,-24.08998,-23.62842
11.08,-22.6654,-26.19557,-25.59144,-23.6967,-24.12611,-23.68858
11.09,-22.65886,-26.29797,-25.61459,-23.66624,-24.16254,-23.75189
11.1,-22.6534,-26.40068,-25.63857,-23.63761,-24.19927,-23.81826
11.11,-22.64901,-26.50355,-25.66339,-23.61084,-24.23627,-23.8876
11.12,-22.64569,-26.60639,-25.68908,-23.58595,-24.27355,-23.95981
11.13,-22.64344,-26.70901,-25.71564,-23.56294,-24.31107,-24.03481
11.14,-22.64227,-26.81124,-25.74311,-23.54184,-24.34884,-24.1125
11.15,-22.64216,-26.9129,-25.77149,-23.52264,-24.38684,-24.19279
11.16,-22.64313,-27.0138,-25.80082,-23.50535,-24.42505,-24.27559
11.17,-22.64517,-27.11377,-25.8311,-23.48997,-24.46346,-24.3608
11.18,-22.64828,-27.21265,-25.86236,-23.47649,-24.50206,-24.44833
11.19,-22.65245,-27.31025,-25.89462,-23.46491,-24.54083,-24.5381
11.2,-22.6577,-27.40642,-25.9279,-23.45522,-24.57977,-24.63
11.21,-22.66401,-27.501,-25.96221,-23.44741,-24.61887,-24.72395
11.22,-22.67139,-27.59385,-25.99759,-23.44146,-24.6581,-24.81985
11.23,-22.67983,-27.68483,-26.03404,-23.43735,-24.69746,-24.91763
11.24,-22.68933,-27.7738,-26.07159,-23.43506,-24.73694,-25.01719
11.25,-22.6999,-27.86064,-26.11026,-23.43458,-24.77652,-25.11845
11.26,-22.71152,-27.94524,-26.15006,-23.43588,-24.81621,-25.22132
11.27,-22.72421,-28.02751,-26.19102,-23.43894,-24.85598,-25.32573
11.28,-22.73795,-28.10735,-26.23314,-23.44372,-24.89584,-25.43159
11.29,-22.75275,-28.18469,-26.27645,-23.4502,-24.93576,-25.53883
11.3,-22.7686,-28.25946,-26.32097,-23.45836,-24.97575,-25.64737
11.31,-22.7855,-28.3316,-26.3667,-23.46816,-25.0158,-25.75714
11.32,-22.80345,-28.40108,-26.41366,-23.47956,-25.0559,-25.86807
11.33,-22.82245,-28.46787,-26.46186,-23.49255,-25.09604,-25.98009
11.34,-22.8425,-28.53194,-26.51132,-23.50709,-25.13623,-26.09313
11.35,-22.86359,-28.59329,-26.56204,-23.52314,-25.17644,-26.20713
11.36,-22.88573,-28.65191,-26.61404,-23.54068,-25.21669,-26.32202
11.37,-22.9089,-28.70783,-26.66732,-23.55967,-25.25696,-26.43775
11.38,-22.93312,-28.76107,-26.72188,-23.58009,-25.29725,-26.55426
11.39,-22.95837,-28.81165,-26.77775,-23.60189,-25.33757,-26.67149
11.4,-22.98466,-28.85962,-26.8349,-23.62505,-25.3779,-26.78938
11.41,-23.01199,-28.90502,-26.89336,-23.64953,-25.41824,-26.90789
11.42,-23.04034,-28.94792,-26.95312,-23.67532,-25.4586,-27.02696
11.43,-23.06973,-28.98837,-27.01418,-23.70237,-25.49896,-27.14654
11.44,-23.10014,-29.02645,-27.07653,-23.73065,-25.53934,-27.26659
11.45,-23.13158,-29.06222,-27.14017,-23.76014,-25.57973,-27.38705
11.46,-23.16404,-29.09576,-27.20509,-23.79082,-25.62012,-27.50789
11.47,-23.19752,-29.12715,-27.27129,-23.82264,-25.66052,-27.62905
11.48,-23.23202,-29.15648,-27.33875,-23.85559,-25.70093,-27.7505
11.49,-23.26754,-29.18384,-27.40747,-23.88965,-25.74135,-27.8722
11.5,-23.30407,-29.2093,-27.47742,-23.92477,-25.78178,-27.99409
11.51,-23.34161,-29.23297,-27.5486,-23.96095,-25.82222,-28.11615
11.52,-23.38016,-29.25493,-27.62098,-23.99815,-25.86267,-28.23833
11.53,-23.41972,-29.27528,-27.69455,-24.03636,-25.90313,-28.36059
11.54,-23.46028,-29.29409,-27.76928,-24.07554,-25.9436,-28.48289
11.55,-23.50184,-29.31146,-27.84516,-24.11569,-25.98409,-28.6052
11.56,-23.5444,-29.32749,-27.92215,-24.15678,-26.02459,-28.72747
11.57,-23.58795,-29.34225,-28.00023,-24.19879,-26.06511,-28.84967
11.58,-23.6325,-29.35583,-28.07937,-24.2417,-26.10565,-28.97176
11.59,-23.67803,-29.36831,-28.15955,-24.28549,-26.14621,-29.0937
11.6,-23.72454,-29.37978,-28.24073,-24.33015,-26.18679,-29.21546
11.61,-23.77203,-29.39031,-28.32288,-24.37565,-26.2274,-29.33699
11.62,-23.8205,-29.39999,-28.40596,-24.42198,-26.26803,-29.45826
11.63,-23.86994,-29.40888,-28.48993,-24.46913,-26.30869,-29.57922
11.64,-23.92034,-29.41705,-28.57477,-24.51708,-26.34937,-29.69984
11.65,-23.97171,-29.42457,-28.66043,-24.56581,-26.39009,-29.82008
11.66,-24.02404,-29.43152,-28.74687,-24.61531,-26.43084,-29.9399
11.67,-24.07732,-29.43794,-28.83406,-24.66557,-26.47162,-30.05926
11.68,-24.13154,-29.44391,-28.92194,-24.71657,-26.51244,-30.17811
11.69,-24.18671,-29.44947,-29.01048,-24.76829,-26.55329,-30.29642
11.7,-24.24282,-29.45469,-29.09962,-24.82073,-26.59418,-30.41414
11.71,-24.29986,-29.45961,-29.18934,-24.87387,-26.6351,-30.53122
11.72,-24.35782,-29.46428,-29.27958,-24.92771,-26.67607,-30.64763
11.73,-24.41671,-29.46875,-29.37029,-24.98222,-26.71708,-30.76332
11.74,-24.4765,-29.47306,-29.46143,-25.03739,-26.75813,-30.87824
11.75,-24.5372,-29.47725,-29.55294,-25.09322,-26.79922,-30.99235
11.76,-24.59881,-29.48137,-29.64479,-25.1497,-26.84035,-31.1056
11.77,-24.6613,-29.48544,-29.73693,-25.2068,-26.88152,-31.21794
11.78,-24.72468,-29.4895,-29.8293,-25.26452,-26.92274,-31.32933
11.79,-24.78894,-29.49358,-29.92185,-25.32286,-26.964,-31.43971
11.8,-24.85407,-29.49772,-30.01454,-25.38179,-27.0053,-31.54905
11.81,-24.92007,-29.50194,-30.10732,-25.4413,-27.04665,-31.65729
11.82,-24.98691,-29.50626,-30.20013,-25.5014,-27.08804,-31.76437
11.83,-25.05461,-29.51071,-30.29294,-25.56205,-27.12947,-31.87026
11.84,-25.12314,-29.51531,-30.38568,-25.62327,-27.17094,-31.9749
11.85,-25.1925,-29.52007,-30.47832,-25.68503,-27.21245,-32.07823
11.86,-25.26269,-29.52503,-30.5708,-25.74732,-27.254,-32.18023
11.87,-25.33368,-29.53019,-30.66309,-25.81013,-27.29558,-32.28082
11.88,-25.40548,-29.53557,-30.75512,-25.87346,-27.3372,-32.37997
11.89,-25.47807,-29.54119,-30.84685,-25.93728,-27.37886,-32.47762
11.9,-25.55144,-29.54705,-30.93824,-26.0016,-27.42055,-32.57373
11.91,-25.62559,-29.55317,-31.02925,-26.0664,-27.46228,-32.66826
11.92,-25.7005,-29.55956,-31.11982,-26.13167,-27.50403,-32.76114
11.93,-25.77617,-29.56622,-31.20993,-26.1974,-27.54581,-32.85236
11.94,-25.85258,-29.57317,-31.29951,-26.26358,-27.58761,-32.94184
11.95,-25.92972,-29.58041,-31.38854,-26.3302,-27.62943,-33.02957
11.96,-26.00758,-29.58795,-31.47697,-26.39724,-27.67128,-33.11549
11.97,-26.08616,-29.59579,-31.56476,-26.4647,-27.71314,-33.19957
11.98,-26.16544,-29.60393,-31.65188,-26.53257,-27.75502,-33.28177
11.99,-26.24542,-29.61238,-31.73829,-26.60083,-27.7969,-33.36206
12,-26.32607,-29.62114,-31.82396,-26.66948,-27.8388,-33.4404
12.01,-26.40739,-29.63022,-31.90884,-26.7385,-27.8807,-33.51677
12.02,-26.48937,-29.63961,-31.99292,-26.80789,-27.9226,-33.59114
12.03,-26.57199,-29.64931,-32.07615,-26.87763,-27.9645,-33.66349
12.04,-26.65526,-29.65933,-32.15851,-26.94771,-28.00639,-33.73379
12.05,-26.73914,-29.66966,-32.23997,-27.01813,-28.04827,-33.80203
12.06,-26.82365,-29.6803,-32.32051,-27.08886,-28.09014,-33.86819
12.07,-26.90875,-29.69125,-32.4001,-27.15991,-28.13199,-33.93226
12.08,-26.99444,-29.70251,-32.47871,-27.23126,-28.17381,-33.99422
12.09,-27.08072,-29.71408,-32.55633,-27.3029,-28.21562,-34.05409
12.1,-27.16756,-29.72594,-32.63294,-27.37482,-28.25739,-34.11184
12.11,-27.25496,-29.73811,-32.70851,-27.44701,-28.29913,-34.16748
12.12,-27.3429,-29.75057,-32.78304,-27.51946,-28.34083,-34.22102
12.13,-27.43138,-29.76332,-32.8565,-27.59216,-28.38249,-34.27246
12.14,-27.52038,-29.77635,-32.92888,-27.6651,-28.4241,-34.32182
12.15,-27.60989,-29.78967,-33.00018,-27.73827,-28.46566,-34.3691
12.16,-27.6999,-29.80327,-33.07038,-27.81165,-28.50716,-34.41432
12.17,-27.7904,-29.81713,-33.13948,-27.88525,-28.5486,-34.4575
12.18,-27.88138,-29.83127,-33.20746,-27.95904,-28.58998,-34.49866
12.19,-27.97283,-29.84566,-33.27433,-28.03303,-28.63128,-34.53783
12.2,-28.06473,-29.86032,-33.34008,-28.1072,-28.67251,-34.57504
12.21,-28.15708,-29.87522,-33.4047,-28.18153,-28.71367,-34.6103
12.22,-28.24986,-29.89037,-33.4682,-28.25603,-28.75473,-34.64367
12.23,-28.34306,-29.90575,-33.53058,-28.33069,-28.79571,-34.67516
12.24,-28.43668,-29.92137,-33.59184,-28.40548,-28.8366,-34.70482
12.25,-28.5307,-29.93721,-33.65199,-28.48041,-28.87739,-34.73268
12.26,-28.6251,-29.95328,-33.71102,-28.55546,-28.91808,-34.75879
12.27,-28.71989,-29.96956,-33.76895,-28.63064,-28.95866,-34.78318
12.28,-28.81505,-29.98605,-33.82578,-28.70592,-28.99913,-34.80589
12.29,-28.91058,-30.00273,-33.88153,-28.78129,-29.03948,-34.82698
12.3,-29.00645,-30.01962,-33.93619,-28.85676,-29.07972,-34.84648
12.31,-29.10266,-30.03669,-33.98979,-28.93232,-29.11983,-34.86444
12.32,-29.1992,-30.05395,-34.04234,-29.00795,-29.15981,-34.88091
12.33,-29.29606,-30.07138,-34.09384,-29.08364,-29.19965,-34.89593
12.34,-29.39324,-30.08899,-34.14431,-29.15939,-29.23936,-34.90955
12.35,-29.49071,-30.10675,-34.19377,-29.2352,-29.27893,-34.92182
12.36,-29.58848,-30.12468,-34.24223,-29.31105,-29.31835,-34.93278
12.37,-29.68654,-30.14276,-34.28971,-29.38694,-29.35762,-34.94248
12.38,-29.78486,-30.16098,-34.33622,-29.46285,-29.39674,-34.95097
12.39,-29.88346,-30.17934,-34.38178,-29.53879,-29.4357,-34.9583
12.4,-29.98231,-30.19783,-34.42641,-29.61475,-29.47449,-34.9645
12.41,-30.0814,-30.21646,-34.47012,-29.69071,-29.51312,-34.96964
12.42,-30.18074,-30.2352,-34.51294,-29.76668,-29.55158,-34.97375
12.43,-30.28031,-30.25406,-34.55489,-29.84264,-29.58987,-34.97687
12.44,-30.38011,-30.27303,-34.59597,-29.91859,-29.62798,-34.97906
12.45,-30.48011,-30.2921,-34.63622,-29.99453,-29.66591,-34.98034
12.46,-30.58033,-30.31127,-34.67566,-30.07044,-29.70366,-34.98078
12.47,-30.68075,-30.33053,-34.71429,-30.14633,-29.74122,-34.9804
12.48,-30.78136,-30.34988,-34.75215,-30.22218,-29.77858,-34.97925
12.49,-30.88216,-30.36931,-34.78925,-30.29799,-29.81576,-34.97736
12.5,-30.98313,-30.38882,-34.82561,-30.37375,-29.85274,-34.97478
12.51,-31.08428,-30.40839,-34.86126,-30.44947,-29.88952,-34.97154
12.52,-31.18558,-30.42804,-34.89621,-30.52513,-29.9261,-34.96768
12.53,-31.28705,-30.44774,-34.93048,-30.60073,-29.96247,-34.96323
12.54,-31.38867,-30.4675,-34.96409,-30.67627,-29.99863,-34.95823
12.55,-31.49043,-30.48731,-34.99707,-30.75174,-30.03459,-34.95271
12.56,-31.59233,-30.50717,-35.02943,-30.82713,-30.07033,-34.94669
12.57,-31.69437,-30.52706,-35.06119,-30.90244,-30.10585,-34.94022
12.58,-31.79653,-30.54699,-35.09237,-30.97767,-30.14116,-34.93332
12.59,-31.89881,-30.56696,-35.12299,-31.05281,-30.17625,-34.92601
12.6,-32.0012,-30.58695,-35.15306,-31.12787,-30.21112,-34.91833
12.61,-32.10371,-30.60696,-35.18262,-31.20282,-30.24576,-34.9103
12.62,-32.20631,-30.627,-35.21167,-31.27768,-30.28018,-34.90194
12.63,-32.30902,-30.64704,-35.24023,-31.35244,-30.31437,-34.89329
12.64,-32.41182,-30.6671,-35.26833,-31.42709,-30.34833,-34.88435
12.65,-32.51471,-30.68716,-35.29597,-31.50163,-30.38206,-34.87516
12.66,-32.61768,-30.70723,-35.32317,-31.57606,-30.41555,-34.86574
12.67,-32.72073,-30.72729,-35.34996,-31.65037,-30.44882,-34.8561
12.68,-32.82385,-30.74735,-35.37634,-31.72456,-30.48185,-34.84626
12.69,-32.92704,-30.7674,-35.40233,-31.79863,-30.51464,-34.83624
12.7,-33.0303,-30.78744,-35.42795,-31.87258,-30.54719,-34.82607
12.71,-33.13362,-30.80746,-35.45322,-31.9464,-30.57951,-34.81574
12.72,-33.23699,-30.82746,-35.47814,-32.02009,-30.61159,-34.80529
12.73,-33.34042,-30.84744,-35.50273,-32.09364,-30.64342,-34.79473
12.74,-33.4439,-30.86739,-35.52701,-32.16706,-30.67502,-34.78406
12.75,-33.54742,-30.88732,-35.55098,-32.24035,-30.70637,-34.7733
12.76,-33.65099,-30.90721,-35.57467,-32.31349,-30.73749,-34.76247
12.77,-33.75459,-30.92706,-35.59808,-32.38649,-30.76835,-34.75157
12.78,-33.85822,-30.94688,-35.62123,-32.45935,-30.79898,-34.74063
12.79,-33.96189,-30.96666,-35.64412,-32.53207,-30.82936,-34.72964
12.8,-34.06559,-30.98639,-35.66678,-32.60463,-30.8595,-34.71861
12.81,-34.16931,-31.00608,-35.6892,-32.67705,-30.88939,-34.70757
12.82,-34.27305,-31.02572,-35.71141,-32.74931,-30.91904,-34.69651
12.83,-34.37681,-31.0453,-35.73341,-32.82142,-30.94844,-34.68544
12.84,-34.48058,-31.06484,-35.75521,-32.89338,-30.9776,-34.67438
12.85,-34.58437,-31.08431,-35.77682,-32.96518,-31.00651,-34.66332
12.86,-34.68817,-31.10373,-35.79826,-33.03682,-31.03518,-34.65228
12.87,-34.79198,-31.12309,-35.81952,-33.10831,-31.0636,-34.64126
12.88,-34.89579,-31.14238,-35.84062,-33.17964,-31.09178,-34.63027
12.89,-34.99961,-31.16161,-35.86157,-33.2508,-31.11972,-34.61931
12.9,-35.10342,-31.18078,-35.88237,-33.3218,-31.14741,-34.60839
12.91,-35.20724,-31.19987,-35.90304,-33.39264,-31.17486,-34.59752
12.92,-35.31105,-31.2189,-35.92358,-33.46332,-31.20207,-34.58669
12.93,-35.41485,-31.23785,-35.94399,-33.53383,-31.22903,-34.57591
12.94,-35.51865,-31.25673,-35.96429,-33.60417,-31.25576,-34.56518
12.95,-35.62243,-31.27553,-35.98447,-33.67435,-31.28224,-34.55452
12.96,-35.72621,-31.29425,-36.00456,-33.74435,-31.30848,-34.54391
12.97,-35.82997,-31.3129,-36.02454,-33.81419,-31.33448,-34.53337
12.98,-35.93371,-31.33146,-36.04444,-33.88387,-31.36025,-34.5229
12.99,-36.03743,-31.34994,-36.06425,-33.95337,-31.38577,-34.51249
13,-36.14114,-31.36834,-36.08397,-34.0227,-31.41106,-34.50216
13.01,-36.24482,-31.38665,-36.10363,-34.09186,-31.43612,-34.4919
13.02,-36.34849,-31.40488,-36.12321,-34.16085,-31.46094,-34.48171
13.03,-36.45212,-31.42302,-36.14272,-34.22967,-31.48552,-34.4716
13.04,-36.55573,-31.44107,-36.16217,-34.29831,-31.50988,-34.46157
13.05,-36.65932,-31.45904,-36.18156,-34.36679,-31.534,-34.45161
13.06,-36.76287,-31.47691,-36.2009,-34.43509,-31.55789,-34.44174
13.07,-36.8664,-31.49469,-36.22019,-34.50321,-31.58155,-34.43195
13.08,-36.96989,-31.51237,-36.23943,-34.57117,-31.60498,-34.42223
13.09,-37.07335,-31.52997,-36.25863,-34.63895,-31.62818,-34.4126
13.1,-37.17678,-31.54746,-36.27778,-34.70656,-31.65116,-34.40305
13.11,-37.28016,-31.56487,-36.2969,-34.77399,-31.67391,-34.39359
13.12,-37.38352,-31.58217,-36.31599,-34.84126,-31.69644,-34.3842
13.13,-37.48683,-31.59938,-36.33504,-34.90834,-31.71875,-34.3749
13.14,-37.5901,-31.61649,-36.35406,-34.97526,-31.74084,-34.36569
13.15,-37.69334,-31.6335,-36.37306,-35.042,-31.76271,-34.35655
13.16,-37.79652,-31.65042,-36.39203,-35.10857,-31.78436,-34.3475
13.17,-37.89967,-31.66723,-36.41097,-35.17496,-31.80579,-34.33853
13.18,-38.00277,-31.68394,-36.4299,-35.24118,-31.82701,-34.32964
13.19,-38.10583,-31.70055,-36.44881,-35.30723,-31.84802,-34.32083
13.2,-38.20883,-31.71706,-36.4677,-35.3731,-31.86881,-34.31211
13.21,-38.31179,-31.73347,-36.48657,-35.4388,-31.88939,-34.30346
13.22,-38.4147,-31.74977,-36.50543,-35.50433,-31.90977,-34.29489
13.23,-38.51756,-31.76598,-36.52428,-35.56969,-31.92993,-34.28641
13.24,-38.62036,-31.78207,-36.54311,-35.63487,-31.94989,-34.278
13.25,-38.72311,-31.79807,-36.56194,-35.69988,-31.96965,-34.26967
13.26,-38.82581,-31.81396,-36.58075,-35.76472,-31.9892,-34.26142
13.27,-38.92845,-31.82974,-36.59956,-35.82939,-32.00855,-34.25324
13.28,-39.03103,-31.84542,-36.61836,-35.89389,-32.0277,-34.24514
13.29,-39.13355,-31.861,-36.63715,-35.95822,-32.04665,-34.23712
13.3,-39.23601,-31.87647,-36.65594,-36.02238,-32.06541,-34.22917
13.31,-39.33841,-31.89183,-36.67472,-36.08636,-32.08397,-34.22129
13.32,-39.44074,-31.90709,-36.6935,-36.15018,-32.10233,-34.21348
13.33,-39.54301,-31.92224,-36.71227,-36.21383,-32.12051,-34.20575
13.34,-39.64521,-31.93729,-36.73105,-36.27731,-32.13849,-34.19808
13.35,-39.74734,-31.95223,-36.74981,-36.34063,-32.15629,-34.19048
13.36,-39.8494,-31.96706,-36.76858,-36.40377,-32.1739,-34.18296
13.37,-39.95139,-31.98179,-36.78734,-36.46675,-32.19132,-34.1755
13.38,-40.05331,-31.99641,-36.8061,-36.52956,-32.20856,-34.1681
13.39,-40.15514,-32.01093,-36.82486,-36.59221,-32.22561,-34.16077
13.4,-40.2569,-32.02534,-36.84362,-36.65469,-32.24249,-34.15351
13.41,-40.35858,-32.03964,-36.86237,-36.717,-32.25918,-34.14631
13.42,-40.46018,-32.05383,-36.88113,-36.77915,-32.2757,-34.13917
13.43,-40.56169,-32.06792,-36.89988,-36.84113,-32.29204,-34.13209
13.44,-40.66312,-32.08191,-36.91863,-36.90296,-32.30821,-34.12508
13.45,-40.76445,-32.09578,-36.93738,-36.96462,-32.32421,-34.11812
13.46,-40.8657,-32.10955,-36.95613,-37.02611,-32.34003,-34.11122
13.47,-40.96685,-32.12322,-36.97488,-37.08745,-32.35569,-34.10438
13.48,-41.0679,-32.13677,-36.99362,-37.14862,-32.37117,-34.09759
13.49,-41.16886,-32.15023,-37.01236,-37.20963,-32.38649,-34.09086
13.5,-41.26971,-32.16357,-37.0311,-37.27048,-32.40165,-34.08418
13.51,-41.37045,-32.17681,-37.04984,-37.33118,-32.41664,-34.07756
13.52,-41.47109,-32.18995,-37.06858,-37.39171,-32.43147,-34.07099
13.53,-41.57161,-32.20298,-37.08731,-37.45209,-32.44614,-34.06447
13.54,-41.67202,-32.2159,-37.10604,-37.5123,-32.46065,-34.058
13.55,-41.77231,-32.22872,-37.12477,-37.57236,-32.47501,-34.05158
13.56,-41.87248,-32.24144,-37.14349,-37.63227,-32.48921,-34.04521
13.57,-41.97252,-32.25405,-37.16221,-37.69202,-32.50325,-34.03888
13.58,-42.07243,-32.26656,-37.18092,-37.75161,-32.51715,-34.0326
13.59,-42.1722,-32.27896,-37.19963,-37.81105,-32.53089,-34.02637
13.6,-42.27184,-32.29126,-37.21833,-37.87033,-32.54448,-34.02019
13.61,-42.37133,-32.30345,-37.23703,-37.92946,-32.55793,-34.01404
13.62,-42.47068,-32.31555,-37.25572,-37.98844,-32.57123,-34.00794
13.63,-42.56987,-32.32754,-37.2744,-38.04727,-32.58438,-34.00189
13.64,-42.66891,-32.33942,-37.29308,-38.10594,-32.59739,-33.99587
13.65,-42.76778,-32.35121,-37.31175,-38.16446,-32.61026,-33.98989
13.66,-42.86649,-32.36289,-37.33041,-38.22284,-32.62299,-33.98396
13.67,-42.96502,-32.37447,-37.34907,-38.28106,-32.63558,-33.97806
13.68,-43.06338,-32.38595,-37.36771,-38.33914,-32.64803,-33.9722
13.69,-43.16155,-32.39733,-37.38635,-38.39706,-32.66034,-33.96638
13.7,-43.25953,-32.40861,-37.40497,-38.45484,-32.67252,-33.96059
13.71,-43.35731,-32.41979,-37.42359,-38.51247,-32.68457,-33.95484
13.72,-43.45488,-32.43087,-37.4422,-38.56996,-32.69649,-33.94913
13.73,-43.55225,-32.44185,-37.46079,-38.6273,-32.70827,-33.94345
13.74,-43.6494,-32.45273,-37.47937,-38.68449,-32.71993,-33.9378
13.75,-43.74632,-32.46351,-37.49795,-38.74155,-32.73145,-33.93218
13.76,-43.84302,-32.47419,-37.5165,-38.79845,-32.74286,-33.9266
13.77,-43.93947,-32.48478,-37.53505,-38.85522,-32.75413,-33.92105
13.78,-44.03567,-32.49526,-37.55358,-38.91184,-32.76528,-33.91553
13.79,-44.13162,-32.50566,-37.5721,-38.96832,-32.77631,-33.91004
13.8,-44.2273,-32.51595,-37.5906,-39.02466,-32.78722,-33.90458
13.81,-44.32272,-32.52615,-37.60909,-39.08085,-32.79801,-33.89914
13.82,-44.41784,-32.53625,-37.62757,-39.13691,-32.80868,-33.89374
13.83,-44.51268,-32.54625,-37.64602,-39.19283,-32.81924,-33.88836
13.84,-44.60722,-32.55616,-37.66446,-39.24861,-32.82967,-33.88301
13.85,-44.70144,-32.56598,-37.68289,-39.30425,-32.84,-33.87769
13.86,-44.79534,-32.5757,-37.7013,-39.35976,-32.8502,-33.87239
13.87,-44.88892,-32.58532,-37.71969,-39.41513,-32.8603,-33.86712
13.88,-44.98215,-32.59486,-37.73806,-39.47036,-32.87029,-33.86187
13.89,-45.07502,-32.6043,-37.75641,-39.52546,-32.88016,-33.85664
13.9,-45.16754,-32.61365,-37.77475,-39.58042,-32.88993,-33.85144
13.91,-45.25967,-32.6229,-37.79306,-39.63525,-32.89959,-33.84627
13.92,-45.35142,-32.63207,-37.81135,-39.68994,-32.90914,-33.84111
13.93,-45.44277,-32.64114,-37.82963,-39.7445,-32.91859,-33.83598
13.94,-45.53371,-32.65012,-37.84788,-39.79893,-32.92793,-33.83087
13.95,-45.62422,-32.65901,-37.86611,-39.85323,-32.93717,-33.82577
13.96,-45.7143,-32.66781,-37.88432,-39.90739,-32.94631,-33.8207
13.97,-45.80392,-32.67653,-37.90251,-39.96143,-32.95535,-33.81565
13.98,-45.89308,-32.68515,-37.92068,-40.01534,-32.96429,-33.81062
13.99,-45.98176,-32.69368,-37.93882,-40.06911,-32.97313,-33.80561
14,-46.06994,-32.70213,-37.95694,-40.12276,-32.98187,-33.80062
